STATION;NAME;LATITUDE;LONGITUDE;ELEVATION;DATE;PRCP;TAVG;TMAX;TMIN
SPE00120296;SANTIAGO;-33.444999;-70.682777;534;1981-01;0;20.65;28.7;12.6
SPE00120296;SANTIAGO;-33.444999;-70.682777;534;1981-02;3.8;21.2;29.7;12.7
SPE00120296;SANTIAGO;-33.444999;-70.682777;534;1981-03;6.9;19.2;27.2;11.2
SPE00120296;SANTIAGO;-33.444999;-70.682777;534;1981-04;0.7;16.55;23.9;9.2
SPE00120296;SANTIAGO;-33.444999;-70.682777;534;1981-05;183;13.6;18.1;9.1
SPE00120296;SANTIAGO;-33.444999;-70.682777;534;1981-06;20;9.95;15.9;4
SPE00120296;SANTIAGO;-33.444999;-70.682777;534;1981-07;30;9.65;15.5;3.8
SPE00120296;SANTIAGO;-33.444999;-70.682777;534;1981-08;11;12.2;18.5;5.9
SPE00120296;SANTIAGO;-33.444999;-70.682777;534;1981-09;14.5;13.35;21.2;5.5
SPE00120296;SANTIAGO;-33.444999;-70.682777;534;1981-10;11.5;14.55;21.6;7.5
SPE00120296;SANTIAGO;-33.444999;-70.682777;534;1981-11;0.5;17.65;25.8;9.5
SPE00120296;SANTIAGO;-33.444999;-70.682777;534;1981-12;0;20.2;29.7;10.7
SPE00120296;SANTIAGO;-33.444999;-70.682777;534;1982-01;0;21.1;29.8;12.4
SPE00120296;SANTIAGO;-33.444999;-70.682777;534;1982-02;0;20.25;28.8;11.7
SPE00120296;SANTIAGO;-33.444999;-70.682777;534;1982-03;14.6;19.35;27.9;10.8
SPE00120296;SANTIAGO;-33.444999;-70.682777;534;1982-04;0.8;15.7;22.9;8.5
SPE00120296;SANTIAGO;-33.444999;-70.682777;534;1982-05;111;12.25;18.2;6.3
SPE00120296;SANTIAGO;-33.444999;-70.682777;534;1982-06;275.5;10.4;13.7;7.1
SPE00120296;SANTIAGO;-33.444999;-70.682777;534;1982-07;102.9;10.5;14.3;6.7
SPE00120296;SANTIAGO;-33.444999;-70.682777;534;1982-08;64.8;11.85;17.4;6.3
SPE00120296;SANTIAGO;-33.444999;-70.682777;534;1982-09;39.5;13.45;18.3;8.6
SPE00120296;SANTIAGO;-33.444999;-70.682777;534;1982-10;14.3;15.2;22.2;8.2
SPE00120296;SANTIAGO;-33.444999;-70.682777;534;1982-11;0;17.1;24.6;9.6
SPE00120296;SANTIAGO;-33.444999;-70.682777;534;1982-12;0;21.15;29.1;13.2
SPE00120296;SANTIAGO;-33.444999;-70.682777;534;1983-01;9.4;21.9;29.4;14.4
SPE00120296;SANTIAGO;-33.444999;-70.682777;534;1983-02;0.6;21.85;30.4;13.3
SPE00120296;SANTIAGO;-33.444999;-70.682777;534;1983-03;0;19.15;27.3;11
SPE00120296;SANTIAGO;-33.444999;-70.682777;534;1983-04;24.5;16.5;24.1;8.9
SPE00120296;SANTIAGO;-33.444999;-70.682777;534;1983-05;57.5;11.6;17.8;5.4
SPE00120296;SANTIAGO;-33.444999;-70.682777;534;1983-06;103;8;13.1;2.9
SPE00120296;SANTIAGO;-33.444999;-70.682777;534;1983-07;89.8;8.5;14.3;2.7
SPE00120296;SANTIAGO;-33.444999;-70.682777;534;1983-08;44.5;10.55;16.4;4.7
SPE00120296;SANTIAGO;-33.444999;-70.682777;534;1983-09;34.9;11.4;17.9;4.9
SPE00120296;SANTIAGO;-33.444999;-70.682777;534;1983-10;0.6;16.55;24.5;8.6
SPE00120296;SANTIAGO;-33.444999;-70.682777;534;1983-11;0.3;18.95;26.9;11
SPE00120296;SANTIAGO;-33.444999;-70.682777;534;1983-12;0;20.9;29;12.8
SPE00120296;SANTIAGO;-33.444999;-70.682777;534;1984-01;0;22;30.5;13.5
SPE00120296;SANTIAGO;-33.444999;-70.682777;534;1984-02;0;20.25;29;11.5
SPE00120296;SANTIAGO;-33.444999;-70.682777;534;1984-03;2;18.85;26.2;11.5
SPE00120296;SANTIAGO;-33.444999;-70.682777;534;1984-04;1.4;16.25;25.2;7.3
SPE00120296;SANTIAGO;-33.444999;-70.682777;534;1984-05;65.5;10.25;15.9;4.6
SPE00120296;SANTIAGO;-33.444999;-70.682777;534;1984-06;40.5;8.6;12.8;4.4
SPE00120296;SANTIAGO;-33.444999;-70.682777;534;1984-07;245.9;9.75;14.9;4.6
SPE00120296;SANTIAGO;-33.444999;-70.682777;534;1984-08;48.6;10.25;16.4;4.1
SPE00120296;SANTIAGO;-33.444999;-70.682777;534;1984-09;24.4;13.6;19.4;7.8
SPE00120296;SANTIAGO;-33.444999;-70.682777;534;1984-10;20.9;15.95;22.8;9.1
SPE00120296;SANTIAGO;-33.444999;-70.682777;534;1984-11;6.3;16.5;23.5;9.5
SPE00120296;SANTIAGO;-33.444999;-70.682777;534;1984-12;0;19.85;27.9;11.8
SPE00120296;SANTIAGO;-33.444999;-70.682777;534;1985-01;0.2;20.9;28.8;13
SPE00120296;SANTIAGO;-33.444999;-70.682777;534;1985-02;0;20.95;29.7;12.2
SPE00120296;SANTIAGO;-33.444999;-70.682777;534;1985-03;27.2;18.6;26.3;10.9
SPE00120296;SANTIAGO;-33.444999;-70.682777;534;1985-04;0.2;14.65;22.1;7.2
SPE00120296;SANTIAGO;-33.444999;-70.682777;534;1985-05;37.4;12.65;19.5;5.8
SPE00120296;SANTIAGO;-33.444999;-70.682777;534;1985-06;19.7;11.8;17.8;5.8
SPE00120296;SANTIAGO;-33.444999;-70.682777;534;1985-07;67.6;9.35;14.5;4.2
SPE00120296;SANTIAGO;-33.444999;-70.682777;534;1985-08;7.7;10.15;17.1;3.2
SPE00120296;SANTIAGO;-33.444999;-70.682777;534;1985-09;6.5;13.6;19.8;7.4
SPE00120296;SANTIAGO;-33.444999;-70.682777;534;1985-10;19.7;15.35;21.8;8.9
SPE00120296;SANTIAGO;-33.444999;-70.682777;534;1985-11;0;18.2;25.9;10.5
SPE00120296;SANTIAGO;-33.444999;-70.682777;534;1985-12;0;20.1;28.6;11.6
SPE00120296;SANTIAGO;-33.444999;-70.682777;534;1986-01;0;21.25;29.9;12.6
SPE00120296;SANTIAGO;-33.444999;-70.682777;534;1986-02;0;20.95;29;12.9
SPE00120296;SANTIAGO;-33.444999;-70.682777;534;1986-03;0;18.85;27.5;10.2
SPE00120296;SANTIAGO;-33.444999;-70.682777;534;1986-04;26.1;15;22.3;7.7
SPE00120296;SANTIAGO;-33.444999;-70.682777;534;1986-05;90;13.5;19.3;7.7
SPE00120296;SANTIAGO;-33.444999;-70.682777;534;1986-06;108.3;10.2;14.2;6.2
SPE00120296;SANTIAGO;-33.444999;-70.682777;534;1986-07;0.6;11.05;18;4.1
SPE00120296;SANTIAGO;-33.444999;-70.682777;534;1986-08;53.9;11.4;16.1;6.7
SPE00120296;SANTIAGO;-33.444999;-70.682777;534;1986-09;3.1;13;19.2;6.8
SPE00120296;SANTIAGO;-33.444999;-70.682777;534;1986-10;3.4;16.9;23.3;10.5
SPE00120296;SANTIAGO;-33.444999;-70.682777;534;1986-11;25.9;17.25;24.3;10.2
SPE00120296;SANTIAGO;-33.444999;-70.682777;534;1986-12;0;21.7;30.3;13.1
SPE00120296;SANTIAGO;-33.444999;-70.682777;534;1987-01;0;21.85;30.4;13.3
SPE00120296;SANTIAGO;-33.444999;-70.682777;534;1987-02;0.2;22;30.3;13.7
SPE00120296;SANTIAGO;-33.444999;-70.682777;534;1987-03;0.1;20.1;27.7;12.5
SPE00120296;SANTIAGO;-33.444999;-70.682777;534;1987-04;10.5;16.05;23.6;8.5
SPE00120296;SANTIAGO;-33.444999;-70.682777;534;1987-05;46.4;11.3;16.5;6.1
SPE00120296;SANTIAGO;-33.444999;-70.682777;534;1987-06;36.7;11.35;18;4.7
SPE00120296;SANTIAGO;-33.444999;-70.682777;534;1987-07;355.8;9.5;14.3;4.7
SPE00120296;SANTIAGO;-33.444999;-70.682777;534;1987-08;182.3;10.45;15.5;5.4
SPE00120296;SANTIAGO;-33.444999;-70.682777;534;1987-09;16.2;12.65;18.4;6.9
SPE00120296;SANTIAGO;-33.444999;-70.682777;534;1987-10;64.8;15.85;22;9.7
SPE00120296;SANTIAGO;-33.444999;-70.682777;534;1987-11;0;19.3;26.9;11.7
SPE00120296;SANTIAGO;-33.444999;-70.682777;534;1987-12;0;20.55;29;12.1
SPE00120296;SANTIAGO;-33.444999;-70.682777;534;1988-01;0;20.65;29.2;12.1
SPE00120296;SANTIAGO;-33.444999;-70.682777;534;1988-02;0;21.35;29.5;13.2
SPE00120296;SANTIAGO;-33.444999;-70.682777;534;1988-03;6;19.15;27.2;11.1
SPE00120296;SANTIAGO;-33.444999;-70.682777;534;1988-04;0;16;23.9;8.1
SPE00120296;SANTIAGO;-33.444999;-70.682777;534;1988-05;5;11.45;18.6;4.3
SPE00120296;SANTIAGO;-33.444999;-70.682777;534;1988-06;12;9.75;16.4;3.1
SPE00120296;SANTIAGO;-33.444999;-70.682777;534;1988-07;33.1;9.1;15.2;3
SPE00120296;SANTIAGO;-33.444999;-70.682777;534;1988-08;52.7;10.55;16.9;4.2
SPE00120296;SANTIAGO;-33.444999;-70.682777;534;1988-09;10.2;11.9;19.1;4.7
SPE00120296;SANTIAGO;-33.444999;-70.682777;534;1988-10;0;16;24.6;7.4
SPE00120296;SANTIAGO;-33.444999;-70.682777;534;1988-11;16.6;18.9;27.8;10
SPE00120296;SANTIAGO;-33.444999;-70.682777;534;1988-12;4;20.65;29.4;11.9
SPE00120296;SANTIAGO;-33.444999;-70.682777;534;1989-01;0;22.25;30.8;13.7
SPE00120296;SANTIAGO;-33.444999;-70.682777;534;1989-02;0;22.2;30.9;13.5
SPE00120296;SANTIAGO;-33.444999;-70.682777;534;1989-03;0;18.75;27.2;10.3
SPE00120296;SANTIAGO;-33.444999;-70.682777;534;1989-04;38.2;16.05;23.6;8.5
SPE00120296;SANTIAGO;-33.444999;-70.682777;534;1989-05;25;11.85;17.8;5.9
SPE00120296;SANTIAGO;-33.444999;-70.682777;534;1989-06;17.7;10.5;16.7;4.3
SPE00120296;SANTIAGO;-33.444999;-70.682777;534;1989-07;95.1;9.65;16;3.3
SPE00120296;SANTIAGO;-33.444999;-70.682777;534;1989-08;108.7;11.05;16.4;5.7
SPE00120296;SANTIAGO;-33.444999;-70.682777;534;1989-09;15.5;12.4;18.6;6.2
SPE00120296;SANTIAGO;-33.444999;-70.682777;534;1989-10;1.9;15.55;23.3;7.8
SPE00120296;SANTIAGO;-33.444999;-70.682777;534;1989-11;0.4;18.75;27.1;10.4
SPE00120296;SANTIAGO;-33.444999;-70.682777;534;1989-12;0;20.8;29.4;12.2
SPE00120296;SANTIAGO;-33.444999;-70.682777;534;1990-01;0;21.75;30.9;12.6
SPE00120296;SANTIAGO;-33.444999;-70.682777;534;1990-02;0;20.35;28.5;12.2
SPE00120296;SANTIAGO;-33.444999;-70.682777;534;1990-03;11.9;18.45;27;9.9
SPE00120296;SANTIAGO;-33.444999;-70.682777;534;1990-04;1.1;15.55;22.1;9
SPE00120296;SANTIAGO;-33.444999;-70.682777;534;1990-05;6.4;12;19.1;4.9
SPE00120296;SANTIAGO;-33.444999;-70.682777;534;1990-06;1.6;11.25;18.6;3.9
SPE00120296;SANTIAGO;-33.444999;-70.682777;534;1990-07;75.1;9.05;15.9;2.2
SPE00120296;SANTIAGO;-33.444999;-70.682777;534;1990-08;70.3;12.25;18.8;5.7
SPE00120296;SANTIAGO;-33.444999;-70.682777;534;1990-09;23.4;12.95;19.2;6.7
SPE00120296;SANTIAGO;-33.444999;-70.682777;534;1990-10;15.7;14.8;21.6;8
SPE00120296;SANTIAGO;-33.444999;-70.682777;534;1990-11;0;17.9;26.3;9.5
SPE00120296;SANTIAGO;-33.444999;-70.682777;534;1990-12;0.3;20.1;28.4;11.8
SPE00120296;SANTIAGO;-33.444999;-70.682777;534;1991-01;0;21.05;30;12.1
SPE00120296;SANTIAGO;-33.444999;-70.682777;534;1991-02;0;21.2;30.2;12.2
SPE00120296;SANTIAGO;-33.444999;-70.682777;534;1991-03;0;18.65;26.6;10.7
SPE00120296;SANTIAGO;-33.444999;-70.682777;534;1991-04;1.9;15.7;22.5;8.9
SPE00120296;SANTIAGO;-33.444999;-70.682777;534;1991-05;72.2;13.8;19.3;8.3
SPE00120296;SANTIAGO;-33.444999;-70.682777;534;1991-06;112.6;10.75;16.3;5.2
SPE00120296;SANTIAGO;-33.444999;-70.682777;534;1991-07;94.7;9.3;14.4;4.2
SPE00120296;SANTIAGO;-33.444999;-70.682777;534;1991-08;3.2;9.65;16;3.3
SPE00120296;SANTIAGO;-33.444999;-70.682777;534;1991-09;52.5;14;20.3;7.7
SPE00120296;SANTIAGO;-33.444999;-70.682777;534;1991-10;13.7;14.8;22.4;7.2
SPE00120296;SANTIAGO;-33.444999;-70.682777;534;1991-11;0;17.8;25;10.6
SPE00120296;SANTIAGO;-33.444999;-70.682777;534;1991-12;28.8;19.1;26.2;12
SPE00120296;SANTIAGO;-33.444999;-70.682777;534;1992-01;0;21.65;29.7;13.6
SPE00120296;SANTIAGO;-33.444999;-70.682777;534;1992-02;0.5;20.15;28.1;12.2
SPE00120296;SANTIAGO;-33.444999;-70.682777;534;1992-03;13.2;19.4;26.7;12.1
SPE00120296;SANTIAGO;-33.444999;-70.682777;534;1992-04;41;14.95;21;8.9
SPE00120296;SANTIAGO;-33.444999;-70.682777;534;1992-05;129.5;11.75;16.2;7.3
SPE00120296;SANTIAGO;-33.444999;-70.682777;534;1992-06;170.3;8.7;12.8;4.6
SPE00120296;SANTIAGO;-33.444999;-70.682777;534;1992-07;23.3;8.1;13.1;3.1
SPE00120296;SANTIAGO;-33.444999;-70.682777;534;1992-08;57.7;11.2;17.5;4.9
SPE00120296;SANTIAGO;-33.444999;-70.682777;534;1992-09;20.7;12.9;19.5;6.3
SPE00120296;SANTIAGO;-33.444999;-70.682777;534;1992-10;0;15.95;23.7;8.2
SPE00120296;SANTIAGO;-33.444999;-70.682777;534;1992-11;7.8;17.75;25;10.5
SPE00120296;SANTIAGO;-33.444999;-70.682777;534;1992-12;0;19.95;28.3;11.6
SPE00120296;SANTIAGO;-33.444999;-70.682777;534;1993-01;0;22.1;30.4;13.8
SPE00120296;SANTIAGO;-33.444999;-70.682777;534;1993-02;0;21.6;29.8;13.4
SPE00120296;SANTIAGO;-33.444999;-70.682777;534;1993-03;0;20.2;28.7;11.7
SPE00120296;SANTIAGO;-33.444999;-70.682777;534;1993-04;101.7;15.7;21.8;9.6
SPE00120296;SANTIAGO;-33.444999;-70.682777;534;1993-05;80.2;11.2;16.3;6.1
SPE00120296;SANTIAGO;-33.444999;-70.682777;534;1993-06;34.7;11.2;16.1;6.3
SPE00120296;SANTIAGO;-33.444999;-70.682777;534;1993-07;52.2;8.5;14.6;2.4
SPE00120296;SANTIAGO;-33.444999;-70.682777;534;1993-08;30.7;11.3;18.5;4.1
SPE00120296;SANTIAGO;-33.444999;-70.682777;534;1993-09;7.1;12.35;19.2;5.5
SPE00120296;SANTIAGO;-33.444999;-70.682777;534;1993-10;7.6;15.4;22.3;8.5
SPE00120296;SANTIAGO;-33.444999;-70.682777;534;1993-11;2.3;17.55;26;9.1
SPE00120296;SANTIAGO;-33.444999;-70.682777;534;1993-12;0.2;20.2;28.8;11.6
SPE00120296;SANTIAGO;-33.444999;-70.682777;534;1994-01;0;21.2;29.6;12.8
SPE00120296;SANTIAGO;-33.444999;-70.682777;534;1994-02;0;20.35;29.1;11.6
SPE00120296;SANTIAGO;-33.444999;-70.682777;534;1994-03;0;19.15;27;11.3
SPE00120296;SANTIAGO;-33.444999;-70.682777;534;1994-04;19.3;16.6;23.5;9.7
SPE00120296;SANTIAGO;-33.444999;-70.682777;534;1994-05;44.5;12.65;19;6.3
SPE00120296;SANTIAGO;-33.444999;-70.682777;534;1994-06;44.5;10.85;15.8;5.9
SPE00120296;SANTIAGO;-33.444999;-70.682777;534;1994-07;82.7;9.4;14.6;4.2
SPE00120296;SANTIAGO;-33.444999;-70.682777;534;1994-08;16.5;10.2;16.8;3.6
SPE00120296;SANTIAGO;-33.444999;-70.682777;534;1994-09;17.6;14.65;21;8.3
SPE00120296;SANTIAGO;-33.444999;-70.682777;534;1994-10;3.5;15.5;22.5;8.5
SPE00120296;SANTIAGO;-33.444999;-70.682777;534;1994-11;0;18.75;26.9;10.6
SPE00120296;SANTIAGO;-33.444999;-70.682777;534;1994-12;7.4;21.05;29.4;12.7
SPE00120296;SANTIAGO;-33.444999;-70.682777;534;1995-01;0.6;21.7;30.2;13.2
SPE00120296;SANTIAGO;-33.444999;-70.682777;534;1995-02;0;20.35;28.5;12.2
SPE00120296;SANTIAGO;-33.444999;-70.682777;534;1995-03;0;19;27.4;10.6
SPE00120296;SANTIAGO;-33.444999;-70.682777;534;1995-04;18.7;16.55;24;9.1
SPE00120296;SANTIAGO;-33.444999;-70.682777;534;1995-05;8.6;14.4;21.9;6.9
SPE00120296;SANTIAGO;-33.444999;-70.682777;534;1995-06;47.2;11.7;16.8;6.6
SPE00120296;SANTIAGO;-33.444999;-70.682777;534;1995-07;54.8;8.55;13.6;3.5
SPE00120296;SANTIAGO;-33.444999;-70.682777;534;1995-08;22.3;9.85;16.2;3.5
SPE00120296;SANTIAGO;-33.444999;-70.682777;534;1995-09;19.6;13.55;19.9;7.2
SPE00120296;SANTIAGO;-33.444999;-70.682777;534;1995-10;0.6;15.65;23.6;7.7
SPE00120296;SANTIAGO;-33.444999;-70.682777;534;1995-11;0.1;18;25.8;10.2
SPE00120296;SANTIAGO;-33.444999;-70.682777;534;1995-12;0;20.8;28.9;12.7
SPE00120296;SANTIAGO;-33.444999;-70.682777;534;1996-01;1.8;20.6;29.1;12.1
SPE00120296;SANTIAGO;-33.444999;-70.682777;534;1996-02;0;21;30;12
SPE00120296;SANTIAGO;-33.444999;-70.682777;534;1996-03;0;19.5;27.7;11.3
SPE00120296;SANTIAGO;-33.444999;-70.682777;534;1996-04;54;14.2;21.1;7.3
SPE00120296;SANTIAGO;-33.444999;-70.682777;534;1996-05;14.7;12.15;19.1;5.2
SPE00120296;SANTIAGO;-33.444999;-70.682777;534;1996-06;31.7;9.85;16.3;3.4
SPE00120296;SANTIAGO;-33.444999;-70.682777;534;1996-07;25.2;11.25;18;4.5
SPE00120296;SANTIAGO;-33.444999;-70.682777;534;1996-08;29.8;11.25;17.3;5.2
SPE00120296;SANTIAGO;-33.444999;-70.682777;534;1996-09;2.2;13.4;21;5.8
SPE00120296;SANTIAGO;-33.444999;-70.682777;534;1996-10;3.7;15.7;23.1;8.3
SPE00120296;SANTIAGO;-33.444999;-70.682777;534;1996-11;0;19.2;28;10.4
SPE00120296;SANTIAGO;-33.444999;-70.682777;534;1996-12;0.9;20.3;29;11.6
SPE00120296;SANTIAGO;-33.444999;-70.682777;534;1997-01;0;22.2;30.9;13.5
SPE00120296;SANTIAGO;-33.444999;-70.682777;534;1997-02;0;21.4;30.7;12.1
SPE00120296;SANTIAGO;-33.444999;-70.682777;534;1997-03;13.5;19.95;27.5;12.4
SPE00120296;SANTIAGO;-33.444999;-70.682777;534;1997-04;0.5;17.65;25.5;9.8
SPE00120296;SANTIAGO;-33.444999;-70.682777;534;1997-05;126.1;13.7;19.5;7.9
SPE00120296;SANTIAGO;-33.444999;-70.682777;534;1997-06;259;10.25;14.4;6.1
SPE00120296;SANTIAGO;-33.444999;-70.682777;534;1997-07;60.2;10.7;16.3;5.1
SPE00120296;SANTIAGO;-33.444999;-70.682777;534;1997-08;98.9;12.55;18.9;6.2
SPE00120296;SANTIAGO;-33.444999;-70.682777;534;1997-09;85.5;13.85;19.3;8.4
SPE00120296;SANTIAGO;-33.444999;-70.682777;534;1997-10;60.1;14.6;20.5;8.7
SPE00120296;SANTIAGO;-33.444999;-70.682777;534;1997-11;3.6;18.05;25.2;10.9
SPE00120296;SANTIAGO;-33.444999;-70.682777;534;1997-12;1.9;19.95;27.5;12.4
SPE00120296;SANTIAGO;-33.444999;-70.682777;534;1998-01;0;22.45;31.1;13.8
SPE00120296;SANTIAGO;-33.444999;-70.682777;534;1998-02;4.3;20.6;27.8;13.4
SPE00120296;SANTIAGO;-33.444999;-70.682777;534;1998-03;0;19;26.2;11.8
SPE00120296;SANTIAGO;-33.444999;-70.682777;534;1998-04;32.7;15.4;20.6;10.2
SPE00120296;SANTIAGO;-33.444999;-70.682777;534;1998-05;13.8;13.45;19.7;7.2
SPE00120296;SANTIAGO;-33.444999;-70.682777;534;1998-06;22.6;11;16.7;5.3
SPE00120296;SANTIAGO;-33.444999;-70.682777;534;1998-07;0.2;9.7;15.8;3.6
SPE00120296;SANTIAGO;-33.444999;-70.682777;534;1998-08;0.6;11.1;18.1;4.1
SPE00120296;SANTIAGO;-33.444999;-70.682777;534;1998-09;15.1;12.9;19.5;6.3
SPE00120296;SANTIAGO;-33.444999;-70.682777;534;1998-10;0;17.55;26.2;8.9
SPE00120296;SANTIAGO;-33.444999;-70.682777;534;1998-11;0;18.3;27.2;9.4
SPE00120296;SANTIAGO;-33.444999;-70.682777;534;1998-12;0;21.35;30.2;12.5
SPE00120296;SANTIAGO;-33.444999;-70.682777;534;1999-01;0;21.05;29;13.1
SPE00120296;SANTIAGO;-33.444999;-70.682777;534;1999-02;0.1;21.65;30;13.3
SPE00120296;SANTIAGO;-33.444999;-70.682777;534;1999-03;19.7;18.5;26.3;10.7
SPE00120296;SANTIAGO;-33.444999;-70.682777;534;1999-04;12.9;15.7;23.2;8.2
SPE00120296;SANTIAGO;-33.444999;-70.682777;534;1999-05;0.9;13.1;19.4;6.8
SPE00120296;SANTIAGO;-33.444999;-70.682777;534;1999-06;31.2;10.65;15.6;5.7
SPE00120296;SANTIAGO;-33.444999;-70.682777;534;1999-07;43.4;8.9;15.3;2.5
SPE00120296;SANTIAGO;-33.444999;-70.682777;534;1999-08;109.9;11;16.3;5.7
SPE00120296;SANTIAGO;-33.444999;-70.682777;534;1999-09;100.1;12.4;17.6;7.2
SPE00120296;SANTIAGO;-33.444999;-70.682777;534;1999-10;23.6;15.3;21;9.6
SPE00120296;SANTIAGO;-33.444999;-70.682777;534;1999-11;0;18.2;26;10.4
SPE00120296;SANTIAGO;-33.444999;-70.682777;534;1999-12;1.4;20.2;28.4;12
SPE00120296;SANTIAGO;-33.444999;-70.682777;534;2000-01;0;21.5;30.1;12.9
SPE00120296;SANTIAGO;-33.444999;-70.682777;534;2000-02;14.7;20.4;28;12.8
SPE00120296;SANTIAGO;-33.444999;-70.682777;534;2000-03;0;18.95;27.4;10.5
SPE00120296;SANTIAGO;-33.444999;-70.682777;534;2000-04;17.6;15.55;22.1;9
SPE00120296;SANTIAGO;-33.444999;-70.682777;534;2000-05;20;11.95;17.6;6.3
SPE00120296;SANTIAGO;-33.444999;-70.682777;534;2000-06;261.5;10;14.2;5.8
SPE00120296;SANTIAGO;-33.444999;-70.682777;534;2000-07;28.5;9.8;16.4;3.2
SPE00120296;SANTIAGO;-33.444999;-70.682777;534;2000-08;0.5;11.6;17.8;5.4
SPE00120296;SANTIAGO;-33.444999;-70.682777;534;2000-09;116.5;12.65;18.3;7
SPE00120296;SANTIAGO;-33.444999;-70.682777;534;2000-10;13.6;16;23;9
SPE00120296;SANTIAGO;-33.444999;-70.682777;534;2000-11;1;18.45;26.2;10.7
SPE00120296;SANTIAGO;-33.444999;-70.682777;534;2000-12;0;21.35;29.5;13.2
SPE00120296;SANTIAGO;-33.444999;-70.682777;534;2001-01;9.9;21.35;29.6;13.1
SPE00120296;SANTIAGO;-33.444999;-70.682777;534;2001-02;0;22.35;30.6;14.1
SPE00120296;SANTIAGO;-33.444999;-70.682777;534;2001-03;0;19.8;27.7;11.9
SPE00120296;SANTIAGO;-33.444999;-70.682777;534;2001-04;16.1;15.6;22.1;9.1
SPE00120296;SANTIAGO;-33.444999;-70.682777;534;2001-05;32.2;11.9;17.1;6.7
SPE00120296;SANTIAGO;-33.444999;-70.682777;534;2001-06;0.3;10.05;16.5;3.6
SPE00120296;SANTIAGO;-33.444999;-70.682777;534;2001-07;186.6;10.55;14.8;6.3
SPE00120296;SANTIAGO;-33.444999;-70.682777;534;2001-08;50.2;11.6;16.9;6.3
SPE00120296;SANTIAGO;-33.444999;-70.682777;534;2001-09;15.8;12.1;17.6;6.6
SPE00120296;SANTIAGO;-33.444999;-70.682777;534;2001-10;0.7;16.55;23.1;10
SPE00120296;SANTIAGO;-33.444999;-70.682777;534;2001-11;0;17.9;25.4;10.4
SPE00120296;SANTIAGO;-33.444999;-70.682777;534;2001-12;0;21.9;30;13.8
SPE00120296;SANTIAGO;-33.444999;-70.682777;534;2002-01;0;22;30.3;13.7
SPE00120296;SANTIAGO;-33.444999;-70.682777;534;2002-02;0;21.4;29.5;13.3
SPE00120296;SANTIAGO;-33.444999;-70.682777;534;2002-03;1.7;20.05;27.9;12.2
SPE00120296;SANTIAGO;-33.444999;-70.682777;534;2002-04;13.6;15.2;21.8;8.6
SPE00120296;SANTIAGO;-33.444999;-70.682777;534;2002-05;137.9;13;18.8;7.2
SPE00120296;SANTIAGO;-33.444999;-70.682777;534;2002-06;247.5;8.95;14.2;3.7
SPE00120296;SANTIAGO;-33.444999;-70.682777;534;2002-07;92.3;10.05;16.4;3.7
SPE00120296;SANTIAGO;-33.444999;-70.682777;534;2002-08;74.2;11.55;16.6;6.5
SPE00120296;SANTIAGO;-33.444999;-70.682777;534;2002-09;28.3;13.7;19.8;7.6
SPE00120296;SANTIAGO;-33.444999;-70.682777;534;2002-10;4;15.55;22.1;9
SPE00120296;SANTIAGO;-33.444999;-70.682777;534;2002-11;0;17.75;25.5;10
SPE00120296;SANTIAGO;-33.444999;-70.682777;534;2002-12;1.3;20;27.6;12.4
SPE00120296;SANTIAGO;-33.444999;-70.682777;534;2003-01;5;22.3;30.4;14.2
SPE00120296;SANTIAGO;-33.444999;-70.682777;534;2003-02;0;21.25;30;12.5
SPE00120296;SANTIAGO;-33.444999;-70.682777;534;2003-03;0.2;19.65;27.3;12
SPE00120296;SANTIAGO;-33.444999;-70.682777;534;2003-04;0;15.85;23.3;8.4
SPE00120296;SANTIAGO;-33.444999;-70.682777;534;2003-05;79.7;12.2;19.3;5.1
SPE00120296;SANTIAGO;-33.444999;-70.682777;534;2003-06;31.5;12.2;17;7.4
SPE00120296;SANTIAGO;-33.444999;-70.682777;534;2003-07;73.4;9.55;15.6;3.5
SPE00120296;SANTIAGO;-33.444999;-70.682777;534;2003-08;6.9;11.6;18.2;5
SPE00120296;SANTIAGO;-33.444999;-70.682777;534;2003-09;14.5;14.2;20.8;7.6
SPE00120296;SANTIAGO;-33.444999;-70.682777;534;2003-10;0;17.4;25.4;9.4
SPE00120296;SANTIAGO;-33.444999;-70.682777;534;2003-11;13.7;19.4;27.4;11.4
SPE00120296;SANTIAGO;-33.444999;-70.682777;534;2003-12;0;20;28.5;11.5
SPE00120296;SANTIAGO;-33.444999;-70.682777;534;2004-01;0;22.1;30.4;13.8
SPE00120296;SANTIAGO;-33.444999;-70.682777;534;2004-02;0;21.05;29.3;12.8
SPE00120296;SANTIAGO;-33.444999;-70.682777;534;2004-03;18.7;20.2;27.9;12.5
SPE00120296;SANTIAGO;-33.444999;-70.682777;534;2004-04;39.2;15.65;21.6;9.7
SPE00120296;SANTIAGO;-33.444999;-70.682777;534;2004-05;16.4;11.5;18.2;4.8
SPE00120296;SANTIAGO;-33.444999;-70.682777;534;2004-06;44.7;10.45;16.3;4.6
SPE00120296;SANTIAGO;-33.444999;-70.682777;534;2004-07;95.2;10.05;15.6;4.5
SPE00120296;SANTIAGO;-33.444999;-70.682777;534;2004-08;55.9;11;17.1;4.9
SPE00120296;SANTIAGO;-33.444999;-70.682777;534;2004-09;23.7;14;20.9;7.1
SPE00120296;SANTIAGO;-33.444999;-70.682777;534;2004-10;1.7;15.85;22.4;9.3
SPE00120296;SANTIAGO;-33.444999;-70.682777;534;2004-11;58.9;18.25;25.3;11.2
SPE00120296;SANTIAGO;-33.444999;-70.682777;534;2004-12;0;21.05;29;13.1
SPE00120296;SANTIAGO;-33.444999;-70.682777;534;2005-01;0;21.9;30.3;13.5
SPE00120296;SANTIAGO;-33.444999;-70.682777;534;2005-02;0;21.65;29.6;13.7
SPE00120296;SANTIAGO;-33.444999;-70.682777;534;2005-03;22.3;19.8;27.2;12.4
SPE00120296;SANTIAGO;-33.444999;-70.682777;534;2005-04;5.7;16.25;24.4;8.1
SPE00120296;SANTIAGO;-33.444999;-70.682777;534;2005-05;54.4;11.4;16.3;6.5
SPE00120296;SANTIAGO;-33.444999;-70.682777;534;2005-06;146;11.9;15.5;8.3
SPE00120296;SANTIAGO;-33.444999;-70.682777;534;2005-07;27.8;10.15;15.8;4.5
SPE00120296;SANTIAGO;-33.444999;-70.682777;534;2005-08;137.3;12.1;16.9;7.3
SPE00120296;SANTIAGO;-33.444999;-70.682777;534;2005-09;16.5;12.25;18.5;6
SPE00120296;SANTIAGO;-33.444999;-70.682777;534;2005-10;15.4;15.05;22;8.1
SPE00120296;SANTIAGO;-33.444999;-70.682777;534;2005-11;9.4;18.95;27.1;10.8
SPE00120296;SANTIAGO;-33.444999;-70.682777;534;2005-12;0;20.15;28;12.3
SPE00120296;SANTIAGO;-33.444999;-70.682777;534;2006-01;0;22.4;30.6;14.2
SPE00120296;SANTIAGO;-33.444999;-70.682777;534;2006-02;0;21.55;29.1;14
SPE00120296;SANTIAGO;-33.444999;-70.682777;534;2006-03;0;19;27.8;10.2
SPE00120296;SANTIAGO;-33.444999;-70.682777;534;2006-04;1.5;16.5;24.5;8.5
SPE00120296;SANTIAGO;-33.444999;-70.682777;534;2006-05;7.3;13.65;19.8;7.5
SPE00120296;SANTIAGO;-33.444999;-70.682777;534;2006-06;79.8;11.35;16.1;6.6
SPE00120296;SANTIAGO;-33.444999;-70.682777;534;2006-07;130;11.35;16.3;6.4
SPE00120296;SANTIAGO;-33.444999;-70.682777;534;2006-08;49.8;12.05;17.5;6.6
SPE00120296;SANTIAGO;-33.444999;-70.682777;534;2006-09;1.1;14.5;21;8
SPE00120296;SANTIAGO;-33.444999;-70.682777;534;2006-10;62.9;16.05;22.6;9.5
SPE00120296;SANTIAGO;-33.444999;-70.682777;534;2006-11;1.1;18.4;26.3;10.5
SPE00120296;SANTIAGO;-33.444999;-70.682777;534;2006-12;0;20.55;28.9;12.2
SPE00120296;SANTIAGO;-33.444999;-70.682777;534;2007-01;0;21.95;29.9;14
SPE00120296;SANTIAGO;-33.444999;-70.682777;534;2007-02;14;20.4;27.9;12.9
SPE00120296;SANTIAGO;-33.444999;-70.682777;534;2007-03;1.6;19.45;27.2;11.7
SPE00120296;SANTIAGO;-33.444999;-70.682777;534;2007-04;0;15.05;22.1;8
SPE00120296;SANTIAGO;-33.444999;-70.682777;534;2007-05;16.3;11;17.5;4.5
SPE00120296;SANTIAGO;-33.444999;-70.682777;534;2007-06;69.9;8.3;14.1;2.5
SPE00120296;SANTIAGO;-33.444999;-70.682777;534;2007-07;35.4;8.8;14.2;3.4
SPE00120296;SANTIAGO;-33.444999;-70.682777;534;2007-08;29.6;8.5;15.2;1.8
SPE00120296;SANTIAGO;-33.444999;-70.682777;534;2007-09;1;12.25;19.2;5.3
SPE00120296;SANTIAGO;-33.444999;-70.682777;534;2007-10;0;15.65;23.5;7.8
SPE00120296;SANTIAGO;-33.444999;-70.682777;534;2007-11;0.6;18.65;27.5;9.8
SPE00120296;SANTIAGO;-33.444999;-70.682777;534;2007-12;0;20.2;28.9;11.5
SPE00120296;SANTIAGO;-33.444999;-70.682777;534;2008-01;0;22.4;30.7;14.1
SPE00120296;SANTIAGO;-33.444999;-70.682777;534;2008-02;0;21.9;30.2;13.6
SPE00120296;SANTIAGO;-33.444999;-70.682777;534;2008-03;12.6;19.95;27.9;12
SPE00120296;SANTIAGO;-33.444999;-70.682777;534;2008-04;7.5;16.1;23.6;8.6
SPE00120296;SANTIAGO;-33.444999;-70.682777;534;2008-05;109.8;12.9;19.4;6.4
SPE00120296;SANTIAGO;-33.444999;-70.682777;534;2008-06;51;9.65;16.1;3.2
SPE00120296;SANTIAGO;-33.444999;-70.682777;534;2008-07;34.7;10.15;15.5;4.8
SPE00120296;SANTIAGO;-33.444999;-70.682777;534;2008-08;130.8;11.15;17.2;5.1
SPE00120296;SANTIAGO;-33.444999;-70.682777;534;2008-09;4.3;13.55;19.9;7.2
SPE00120296;SANTIAGO;-33.444999;-70.682777;534;2008-10;0;15.9;23.4;8.4
SPE00120296;SANTIAGO;-33.444999;-70.682777;534;2008-11;0;19.35;27.7;11
SPE00120296;SANTIAGO;-33.444999;-70.682777;534;2008-12;0;20.9;29;12.8
SPE00120296;SANTIAGO;-33.444999;-70.682777;534;2009-01;0;22.6;31.4;13.8
SPE00120296;SANTIAGO;-33.444999;-70.682777;534;2009-02;1;21.5;30;13
SPE00120296;SANTIAGO;-33.444999;-70.682777;534;2009-03;0;20.75;29.5;12
SPE00120296;SANTIAGO;-33.444999;-70.682777;534;2009-04;0;17.85;26.2;9.5
SPE00120296;SANTIAGO;-33.444999;-70.682777;534;2009-05;7;13.8;19.8;7.8
SPE00120296;SANTIAGO;-33.444999;-70.682777;534;2009-06;103.1;10.65;16.6;4.7
SPE00120296;SANTIAGO;-33.444999;-70.682777;534;2009-07;14.3;9.95;16.4;3.5
SPE00120296;SANTIAGO;-33.444999;-70.682777;534;2009-08;97.5;11.75;17.6;5.9
SPE00120296;SANTIAGO;-33.444999;-70.682777;534;2009-09;47.4;11.75;17.6;5.9
SPE00120296;SANTIAGO;-33.444999;-70.682777;534;2009-10;6.5;16.4;23.7;9.1
SPE00120296;SANTIAGO;-33.444999;-70.682777;534;2009-11;0;17.1;24.5;9.7
SPE00120296;SANTIAGO;-33.444999;-70.682777;534;2009-12;0;20.5;29.4;11.6
SPE00120296;SANTIAGO;-33.444999;-70.682777;534;2010-01;0;22.25;31;13.5
SPE00120296;SANTIAGO;-33.444999;-70.682777;534;2010-02;0;20.75;29.3;12.2
SPE00120296;SANTIAGO;-33.444999;-70.682777;534;2010-03;0;20.05;28.6;11.5
SPE00120296;SANTIAGO;-33.444999;-70.682777;534;2010-04;0.3;15.25;23.4;7.1
SPE00120296;SANTIAGO;-33.444999;-70.682777;534;2010-05;65.8;13.1;19.9;6.3
SPE00120296;SANTIAGO;-33.444999;-70.682777;534;2010-06;75.6;9.9;15.9;3.9
SPE00120296;SANTIAGO;-33.444999;-70.682777;534;2010-07;26.6;7.75;14;1.5
SPE00120296;SANTIAGO;-33.444999;-70.682777;534;2010-08;6.9;10.9;17.4;4.4
SPE00120296;SANTIAGO;-33.444999;-70.682777;534;2010-09;37.5;13.4;20.9;5.9
SPE00120296;SANTIAGO;-33.444999;-70.682777;534;2010-10;10;15.2;22.8;7.6
SPE00120296;SANTIAGO;-33.444999;-70.682777;534;2010-11;36.8;18.35;26.6;10.1
SPE00120296;SANTIAGO;-33.444999;-70.682777;534;2010-12;0;18.9;27.3;10.5
SPE00120296;SANTIAGO;-33.444999;-70.682777;534;2011-01;0;21.85;30.4;13.3
SPE00120296;SANTIAGO;-33.444999;-70.682777;534;2011-02;3.1;21.25;29.4;13.1
SPE00120296;SANTIAGO;-33.444999;-70.682777;534;2011-03;0.2;19.1;27.2;11
SPE00120296;SANTIAGO;-33.444999;-70.682777;534;2011-04;13;15.75;23.2;8.3
SPE00120296;SANTIAGO;-33.444999;-70.682777;534;2011-05;0;12.95;20.9;5
SPE00120296;SANTIAGO;-33.444999;-70.682777;534;2011-06;56;9.4;16;2.8
SPE00120296;SANTIAGO;-33.444999;-70.682777;534;2011-07;43.2;8.8;15.4;2.2
SPE00120296;SANTIAGO;-33.444999;-70.682777;534;2011-08;27.7;10.1;15.9;4.3
SPE00120296;SANTIAGO;-33.444999;-70.682777;534;2011-09;1.9;15.2;23.2;7.2
SPE00120296;SANTIAGO;-33.444999;-70.682777;534;2011-10;2.5;16.1;23.9;8.3
SPE00120296;SANTIAGO;-33.444999;-70.682777;534;2011-11;0;18.75;27.5;10
SPE00120296;SANTIAGO;-33.444999;-70.682777;534;2011-12;0;21.45;30;12.9
SPE00120296;SANTIAGO;-33.444999;-70.682777;534;2012-01;0;22.05;30.1;14
SPE00120296;SANTIAGO;-33.444999;-70.682777;534;2012-02;0;22.85;31.2;14.5
SPE00120296;SANTIAGO;-33.444999;-70.682777;534;2012-03;0;21.65;30.7;12.6
SPE00120296;SANTIAGO;-33.444999;-70.682777;534;2012-04;9.6;16.55;23.7;9.4
SPE00120296;SANTIAGO;-33.444999;-70.682777;534;2012-05;34;14;20.3;7.7
SPE00120296;SANTIAGO;-33.444999;-70.682777;534;2012-06;69.8;11.6;17.3;5.9
SPE00120296;SANTIAGO;-33.444999;-70.682777;534;2012-07;2;9.85;17.1;2.6
SPE00120296;SANTIAGO;-33.444999;-70.682777;534;2012-08;35.8;10.8;17.3;4.3
SPE00120296;SANTIAGO;-33.444999;-70.682777;534;2012-09;0.4;13.95;20.6;7.3
SPE00120296;SANTIAGO;-33.444999;-70.682777;534;2012-10;41.1;14.75;21.1;8.4
SPE00120296;SANTIAGO;-33.444999;-70.682777;534;2012-11;0;19.05;27.2;10.9
SPE00120296;SANTIAGO;-33.444999;-70.682777;534;2012-12;21.5;20.15;28.4;11.9
SPE00120296;SANTIAGO;-33.444999;-70.682777;534;2013-01;0;21.95;29.6;14.3
SPE00120296;SANTIAGO;-33.444999;-70.682777;534;2013-02;0;22.3;30.7;13.9
SPE00120296;SANTIAGO;-33.444999;-70.682777;534;2013-03;0;19.35;28.2;10.5
SPE00120296;SANTIAGO;-33.444999;-70.682777;534;2013-04;0;16.05;24.2;7.9
SPE00120296;SANTIAGO;-33.444999;-70.682777;534;2013-05;96;12.5;19.2;5.8
SPE00120296;SANTIAGO;-33.444999;-70.682777;534;2013-06;34.6;11.25;18.1;4.4
SPE00120296;SANTIAGO;-33.444999;-70.682777;534;2013-07;3.7;10;16.4;3.6
SPE00120296;SANTIAGO;-33.444999;-70.682777;534;2013-08;24.4;11.25;18.3;4.2
SPE00120296;SANTIAGO;-33.444999;-70.682777;534;2013-09;6.4;13;19.8;6.2
SPE00120296;SANTIAGO;-33.444999;-70.682777;534;2013-10;0;16.15;24.2;8.1
SPE00120296;SANTIAGO;-33.444999;-70.682777;534;2013-11;0;18.25;27;9.5
SPE00120296;SANTIAGO;-33.444999;-70.682777;534;2013-12;0;21.05;29.5;12.6
SPE00120296;SANTIAGO;-33.444999;-70.682777;534;2014-01;0;22.5;31.1;13.9
SPE00120296;SANTIAGO;-33.444999;-70.682777;534;2014-02;0;20.85;29.6;12.1
SPE00120296;SANTIAGO;-33.444999;-70.682777;534;2014-03;0;19.35;27.9;10.8
SPE00120296;SANTIAGO;-33.444999;-70.682777;534;2014-04;0;15.5;24;7
SPE00120296;SANTIAGO;-33.444999;-70.682777;534;2014-05;8.9;13.6;20.2;7
SPE00120296;SANTIAGO;-33.444999;-70.682777;534;2014-06;75.2;9.35;15.4;3.3
SPE00120296;SANTIAGO;-33.444999;-70.682777;534;2014-07;34.6;10.7;16.4;5
SPE00120296;SANTIAGO;-33.444999;-70.682777;534;2014-08;46.5;12.3;19.3;5.3
SPE00120296;SANTIAGO;-33.444999;-70.682777;534;2014-09;31.1;12.8;18.2;7.4
SPE00120296;SANTIAGO;-33.444999;-70.682777;534;2014-10;0.1;17.55;25.4;9.7
SPE00120296;SANTIAGO;-33.444999;-70.682777;534;2014-11;5.8;18.15;26.4;9.9
SPE00120296;SANTIAGO;-33.444999;-70.682777;534;2014-12;1.2;20;28.6;11.4
SPE00120296;SANTIAGO;-33.444999;-70.682777;534;2015-01;0;22.6;31.4;13.8
SPE00120296;SANTIAGO;-33.444999;-70.682777;534;2015-02;2.5;21.7;30;13.4
SPE00120296;SANTIAGO;-33.444999;-70.682777;534;2015-03;7.4;21.6;30.3;12.9
SPE00120296;SANTIAGO;-33.444999;-70.682777;534;2015-04;0;18;26.7;9.3
SPE00120296;SANTIAGO;-33.444999;-70.682777;534;2015-05;2;13.9;21.6;6.2
SPE00120296;SANTIAGO;-33.444999;-70.682777;534;2015-06;0;11.5;19.8;3.2
SPE00120296;SANTIAGO;-33.444999;-70.682777;534;2015-07;38.3;10.6;16.8;4.4
SPE00120296;SANTIAGO;-33.444999;-70.682777;534;2015-08;111.4;12.7;18.2;7.2
SPE00120296;SANTIAGO;-33.444999;-70.682777;534;2015-09;23.7;14.3;20.6;8
SPE00120296;SANTIAGO;-33.444999;-70.682777;534;2015-10;27.7;14.75;21.2;8.3
SPE00120296;SANTIAGO;-33.444999;-70.682777;534;2015-11;4.5;17.8;25.1;10.5
SPE00120296;SANTIAGO;-33.444999;-70.682777;534;2015-12;0;21.05;29.8;12.3
SPE00120296;SANTIAGO;-33.444999;-70.682777;534;2016-01;10.2;21.95;29.4;14.5
SPE00120296;SANTIAGO;-33.444999;-70.682777;534;2016-02;0;22.3;31.1;13.5
SPE00120296;SANTIAGO;-33.444999;-70.682777;534;2016-03;0;20;28.2;11.8
SPE00120296;SANTIAGO;-33.444999;-70.682777;534;2016-04;109.2;15.35;21;9.7
SPE00120296;SANTIAGO;-33.444999;-70.682777;534;2016-05;20.5;14.25;19.4;9.1
SPE00120296;SANTIAGO;-33.444999;-70.682777;534;2016-06;38.4;10.7;17.3;4.1
SPE00120296;SANTIAGO;-33.444999;-70.682777;534;2016-07;50.2;10.85;16.6;5.1
SPE00120296;SANTIAGO;-33.444999;-70.682777;534;2016-08;0;12.75;19.9;5.6
SPE00120296;SANTIAGO;-33.444999;-70.682777;534;2016-09;0.4;15.3;24;6.6
SPE00120296;SANTIAGO;-33.444999;-70.682777;534;2016-10;16.2;16.4;23.8;9
SPE00120296;SANTIAGO;-33.444999;-70.682777;534;2016-11;0;19.9;28.8;11
SPE00120296;SANTIAGO;-33.444999;-70.682777;534;2016-12;23.6;20.7;29.1;12.3
SPE00120296;SANTIAGO;-33.444999;-70.682777;534;2017-01;0;24.15;33.3;15
SPE00120296;SANTIAGO;-33.444999;-70.682777;534;2017-02;0;22.5;30.9;14.1
SPE00120296;SANTIAGO;-33.444999;-70.682777;534;2017-03;0;19.95;28.5;11.4
SPE00120296;SANTIAGO;-33.444999;-70.682777;534;2017-04;5.6;16.55;24.4;8.7
SPE00120296;SANTIAGO;-33.444999;-70.682777;534;2017-05;55.6;12.2;18;6.4
SPE00120296;SANTIAGO;-33.444999;-70.682777;534;2017-06;73.2;9.5;15.3;3.7
SPE00120296;SANTIAGO;-33.444999;-70.682777;534;2017-07;30.7;10;16.6;3.4
SPE00120296;SANTIAGO;-33.444999;-70.682777;534;2017-08;50.4;10.7;16.7;4.7
SPE00120296;SANTIAGO;-33.444999;-70.682777;534;2017-09;27.3;13.1;19.8;6.4
SPE00120296;SANTIAGO;-33.444999;-70.682777;534;2017-10;35.5;15.05;22.6;7.5
SPE00120296;SANTIAGO;-33.444999;-70.682777;534;2017-11;0.1;18.95;27;10.9
SPE00120296;SANTIAGO;-33.444999;-70.682777;534;2017-12;0;21.25;30;12.5
SPE00120296;SANTIAGO;-33.444999;-70.682777;534;2018-01;0;21.55;29.8;13.3
SPE00120296;SANTIAGO;-33.444999;-70.682777;534;2018-02;0;21.7;30.2;13.2
SPE00120296;SANTIAGO;-33.444999;-70.682777;534;2018-03;1.7;19.45;28.7;10.2
SPE00120296;SANTIAGO;-33.444999;-70.682777;534;2018-04;0;16.7;24.7;8.7
SPE00120296;SANTIAGO;-33.444999;-70.682777;534;2018-05;13;13.5;20.7;6.3
SPE00120296;SANTIAGO;-33.444999;-70.682777;534;2018-06;45.8;9.7;16.6;2.8
SPE00120296;SANTIAGO;-33.444999;-70.682777;534;2018-07;49.6;9.7;15.8;3.6
SPE00120296;SANTIAGO;-33.444999;-70.682777;534;2018-08;10.5;11.5;19;4
SPE00120296;SANTIAGO;-33.444999;-70.682777;534;2018-09;27.5;13.8;20.6;7
SPE00120296;SANTIAGO;-33.444999;-70.682777;534;2018-10;1.8;15.65;23.1;8.2
SPE00120296;SANTIAGO;-33.444999;-70.682777;534;2018-11;0.4;19.65;28.4;10.9
SPE00120296;SANTIAGO;-33.444999;-70.682777;534;2018-12;1.1;20.45;29.2;11.7
SP000008215;VALPARAISO;-33.02278;-71.64389;51;1981-01;0;17.45;21;13.9
SP000008215;VALPARAISO;-33.02278;-71.64389;51;1981-02;0;17.2;20.9;13.5
SP000008215;VALPARAISO;-33.02278;-71.64389;51;1981-03;1.5;16.4;19.4;13.4
SP000008215;VALPARAISO;-33.02278;-71.64389;51;1981-04;0;16.1;19.7;12.5
SP000008215;VALPARAISO;-33.02278;-71.64389;51;1981-05;336.2;15.45;18.1;12.8
SP000008215;VALPARAISO;-33.02278;-71.64389;51;1981-06;56.3;12.95;16.1;9.8
SP000008215;VALPARAISO;-33.02278;-71.64389;51;1981-07;13.9;12.15;15.1;9.2
SP000008215;VALPARAISO;-33.02278;-71.64389;51;1981-08;6.9;12.7;15.6;9.8
SP000008215;VALPARAISO;-33.02278;-71.64389;51;1981-09;12.9;12.95;16.7;9.2
SP000008215;VALPARAISO;-33.02278;-71.64389;51;1981-10;0.6;13.6;16.9;10.3
SP000008215;VALPARAISO;-33.02278;-71.64389;51;1981-11;0.4;14.55;17.7;11.4
SP000008215;VALPARAISO;-33.02278;-71.64389;51;1981-12;0;15.7;19.4;12
SP000008215;VALPARAISO;-33.02278;-71.64389;51;1982-01;0;17.45;20.6;14.3
SP000008215;VALPARAISO;-33.02278;-71.64389;51;1982-02;0;17.3;20.7;13.9
SP000008215;VALPARAISO;-33.02278;-71.64389;51;1982-03;23.8;17.15;20.7;13.6
SP000008215;VALPARAISO;-33.02278;-71.64389;51;1982-04;1.1;14.85;17.9;11.8
SP000008215;VALPARAISO;-33.02278;-71.64389;51;1982-05;153;14.4;17;11.8
SP000008215;VALPARAISO;-33.02278;-71.64389;51;1982-06;272.9;13.4;15.7;11.1
SP000008215;VALPARAISO;-33.02278;-71.64389;51;1982-07;146.3;13.5;16;11
SP000008215;VALPARAISO;-33.02278;-71.64389;51;1982-08;63.5;12.85;15.7;10
SP000008215;VALPARAISO;-33.02278;-71.64389;51;1982-09;18.9;14.35;16.9;11.8
SP000008215;VALPARAISO;-33.02278;-71.64389;51;1982-10;29.2;14.65;17.7;11.6
SP000008215;VALPARAISO;-33.02278;-71.64389;51;1982-11;0;14.95;18;11.9
SP000008215;VALPARAISO;-33.02278;-71.64389;51;1982-12;0;17.45;21;13.9
SP000008215;VALPARAISO;-33.02278;-71.64389;51;1983-01;2;18.85;21.9;15.8
SP000008215;VALPARAISO;-33.02278;-71.64389;51;1983-02;0;18.5;22.4;14.6
SP000008215;VALPARAISO;-33.02278;-71.64389;51;1983-03;0;16.45;19.8;13.1
SP000008215;VALPARAISO;-33.02278;-71.64389;51;1983-04;0.6;15.65;19.3;12
SP000008215;VALPARAISO;-33.02278;-71.64389;51;1983-05;49.1;13.3;17;9.6
SP000008215;VALPARAISO;-33.02278;-71.64389;51;1983-06;100.3;11.7;14.8;8.6
SP000008215;VALPARAISO;-33.02278;-71.64389;51;1983-07;90.2;11.6;14.7;8.5
SP000008215;VALPARAISO;-33.02278;-71.64389;51;1983-08;94.4;12.6;15.5;9.7
SP000008215;VALPARAISO;-33.02278;-71.64389;51;1983-09;9.7;12.5;15.4;9.6
SP000008215;VALPARAISO;-33.02278;-71.64389;51;1983-10;0.3;13.45;16.6;10.3
SP000008215;VALPARAISO;-33.02278;-71.64389;51;1983-11;0;14.1;17.9;10.3
SP000008215;VALPARAISO;-33.02278;-71.64389;51;1983-12;0.1;16.75;19.9;13.6
SP000008215;VALPARAISO;-33.02278;-71.64389;51;1984-01;0;17.45;21;13.9
SP000008215;VALPARAISO;-33.02278;-71.64389;51;1984-02;0;16.4;19.9;12.9
SP000008215;VALPARAISO;-33.02278;-71.64389;51;1984-03;9.8;16.55;19.4;13.7
SP000008215;VALPARAISO;-33.02278;-71.64389;51;1984-04;0.5;14.75;18.3;11.2
SP000008215;VALPARAISO;-33.02278;-71.64389;51;1984-05;107.7;12.55;15.4;9.7
SP000008215;VALPARAISO;-33.02278;-71.64389;51;1984-06;32.7;11.7;14.4;9
SP000008215;VALPARAISO;-33.02278;-71.64389;51;1984-07;390.9;12.45;15.3;9.6
SP000008215;VALPARAISO;-33.02278;-71.64389;51;1984-08;64;12.15;14.8;9.5
SP000008215;VALPARAISO;-33.02278;-71.64389;51;1984-09;64.7;13.5;16.2;10.8
SP000008215;VALPARAISO;-33.02278;-71.64389;51;1984-10;11.4;14.4;17.7;11.1
SP000008215;VALPARAISO;-33.02278;-71.64389;51;1984-11;2;14.75;17.9;11.6
SP000008215;VALPARAISO;-33.02278;-71.64389;51;1984-12;0.3;15.75;18.9;12.6
SP000008215;VALPARAISO;-33.02278;-71.64389;51;1985-01;1;17.7;20.9;14.5
SP000008215;VALPARAISO;-33.02278;-71.64389;51;1985-02;0.2;17;20.7;13.3
SP000008215;VALPARAISO;-33.02278;-71.64389;51;1985-03;3.3;16.05;19;13.1
SP000008215;VALPARAISO;-33.02278;-71.64389;51;1985-04;0.2;13.9;17;10.8
SP000008215;VALPARAISO;-33.02278;-71.64389;51;1985-05;56.2;13.45;16.6;10.3
SP000008215;VALPARAISO;-33.02278;-71.64389;51;1985-06;2;12.9;15.3;10.5
SP000008215;VALPARAISO;-33.02278;-71.64389;51;1985-07;95.8;12.15;14.8;9.5
SP000008215;VALPARAISO;-33.02278;-71.64389;51;1985-08;0;12.05;15;9.1
SP000008215;VALPARAISO;-33.02278;-71.64389;51;1985-09;49.8;13.15;16;10.3
SP000008215;VALPARAISO;-33.02278;-71.64389;51;1985-10;8.3;14.25;17.3;11.2
SP000008215;VALPARAISO;-33.02278;-71.64389;51;1985-11;0;15.4;18.2;12.6
SP000008215;VALPARAISO;-33.02278;-71.64389;51;1985-12;0;16.45;19.7;13.2
SP000008215;VALPARAISO;-33.02278;-71.64389;51;1986-01;0;17.35;20.8;13.9
SP000008215;VALPARAISO;-33.02278;-71.64389;51;1986-02;0;18.1;21.7;14.5
SP000008215;VALPARAISO;-33.02278;-71.64389;51;1986-03;0;15.05;19.4;10.7
SP000008215;VALPARAISO;-33.02278;-71.64389;51;1986-04;77;15.15;18.5;11.8
SP000008215;VALPARAISO;-33.02278;-71.64389;51;1986-05;181.2;14.35;17.7;11
SP000008215;VALPARAISO;-33.02278;-71.64389;51;1986-06;88.6;12.85;16;9.7
SP000008215;VALPARAISO;-33.02278;-71.64389;51;1986-07;2.8;12.45;16;8.9
SP000008215;VALPARAISO;-33.02278;-71.64389;51;1986-08;76.7;12.8;16.1;9.5
SP000008215;VALPARAISO;-33.02278;-71.64389;51;1986-09;0.2;13.35;17.3;9.4
SP000008215;VALPARAISO;-33.02278;-71.64389;51;1986-10;0;15.35;18.7;12
SP000008215;VALPARAISO;-33.02278;-71.64389;51;1986-11;58.9;15.35;19.2;11.5
SP000008215;VALPARAISO;-33.02278;-71.64389;51;1986-12;0;17.1;21;13.2
SP000008215;VALPARAISO;-33.02278;-71.64389;51;1987-01;0.4;16.95;21.3;12.6
SP000008215;VALPARAISO;-33.02278;-71.64389;51;1987-02;0;18.45;22.2;14.7
SP000008215;VALPARAISO;-33.02278;-71.64389;51;1987-03;0;18.3;21.7;14.9
SP000008215;VALPARAISO;-33.02278;-71.64389;51;1987-04;3.6;15.7;19.6;11.8
SP000008215;VALPARAISO;-33.02278;-71.64389;51;1987-05;82.3;13.85;17.2;10.5
SP000008215;VALPARAISO;-33.02278;-71.64389;51;1987-06;19.6;13.05;17;9.1
SP000008215;VALPARAISO;-33.02278;-71.64389;51;1987-07;316.9;12.6;15.9;9.3
SP000008215;VALPARAISO;-33.02278;-71.64389;51;1987-08;169.4;12.95;16.5;9.4
SP000008215;VALPARAISO;-33.02278;-71.64389;51;1987-09;26;13.5;17.3;9.7
SP000008215;VALPARAISO;-33.02278;-71.64389;51;1987-10;24.3;14.4;17.7;11.1
SP000008215;VALPARAISO;-33.02278;-71.64389;51;1987-11;0;15.6;19.3;11.9
SP000008215;VALPARAISO;-33.02278;-71.64389;51;1987-12;0;17.15;21.6;12.7
SP000008215;VALPARAISO;-33.02278;-71.64389;51;1988-01;0;17.1;21.3;12.9
SP000008215;VALPARAISO;-33.02278;-71.64389;51;1988-02;0;17.2;20.9;13.5
SP000008215;VALPARAISO;-33.02278;-71.64389;51;1988-03;4.6;16.9;20.8;13
SP000008215;VALPARAISO;-33.02278;-71.64389;51;1988-04;0;15.25;19.1;11.4
SP000008215;VALPARAISO;-33.02278;-71.64389;51;1988-05;0;12.95;17;8.9
SP000008215;VALPARAISO;-33.02278;-71.64389;51;1988-06;9.9;11.95;16.1;7.8
SP000008215;VALPARAISO;-33.02278;-71.64389;51;1988-07;45;11.4;14.9;7.9
SP000008215;VALPARAISO;-33.02278;-71.64389;51;1988-08;66.7;12.1;15.5;8.7
SP000008215;VALPARAISO;-33.02278;-71.64389;51;1988-09;2;12.75;15.9;9.6
SP000008215;VALPARAISO;-33.02278;-71.64389;51;1988-10;0;13.65;17.3;10
SP000008215;VALPARAISO;-33.02278;-71.64389;51;1988-11;0;14.8;19.1;10.5
SP000008215;VALPARAISO;-33.02278;-71.64389;51;1988-12;0;15.4;20;10.8
SP000008215;VALPARAISO;-33.02278;-71.64389;51;1989-01;0;17.4;22.2;12.6
SP000008215;VALPARAISO;-33.02278;-71.64389;51;1989-02;0;17.05;22;12.1
SP000008215;VALPARAISO;-33.02278;-71.64389;51;1989-03;0;15.5;20.3;10.7
SP000008215;VALPARAISO;-33.02278;-71.64389;51;1989-04;2.9;14.25;19.2;9.3
SP000008215;VALPARAISO;-33.02278;-71.64389;51;1989-05;20;13.1;17.4;8.8
SP000008215;VALPARAISO;-33.02278;-71.64389;51;1989-06;10.7;12.6;16.8;8.4
SP000008215;VALPARAISO;-33.02278;-71.64389;51;1989-07;56.6;12.05;16.9;7.2
SP000008215;VALPARAISO;-33.02278;-71.64389;51;1989-08;114.8;12.1;16.7;7.5
SP000008215;VALPARAISO;-33.02278;-71.64389;51;1989-09;0.9;12.25;16.4;8.1
SP000008215;VALPARAISO;-33.02278;-71.64389;51;1989-10;0;13.4;17.3;9.5
SP000008215;VALPARAISO;-33.02278;-71.64389;51;1989-11;0;15;19.3;10.7
SP000008215;VALPARAISO;-33.02278;-71.64389;51;1989-12;0;17.8;22.4;13.2
SP000008215;VALPARAISO;-33.02278;-71.64389;51;1990-01;0;17.65;21.7;13.6
SP000008215;VALPARAISO;-33.02278;-71.64389;51;1990-02;0;17.45;21.5;13.4
SP000008215;VALPARAISO;-33.02278;-71.64389;51;1990-03;43.3;16.25;19.3;13.2
SP000008215;VALPARAISO;-33.02278;-71.64389;51;1990-04;0.7;15.2;18.8;11.6
SP000008215;VALPARAISO;-33.02278;-71.64389;51;1990-05;17;13.65;17.8;9.5
SP000008215;VALPARAISO;-33.02278;-71.64389;51;1990-06;0.1;12.35;16;8.7
SP000008215;VALPARAISO;-33.02278;-71.64389;51;1990-07;80.8;11.7;15.4;8
SP000008215;VALPARAISO;-33.02278;-71.64389;51;1990-08;13.7;12.45;15.7;9.2
SP000008215;VALPARAISO;-33.02278;-71.64389;51;1990-09;33.2;13.15;16.5;9.8
SP000008215;VALPARAISO;-33.02278;-71.64389;51;1990-10;20.3;13.35;16.5;10.2
SP000008215;VALPARAISO;-33.02278;-71.64389;51;1990-11;0;14.85;18.7;11
SP000008215;VALPARAISO;-33.02278;-71.64389;51;1990-12;0;16.3;20.3;12.3
SP000008215;VALPARAISO;-33.02278;-71.64389;51;1991-01;0;17.1;21.2;13
SP000008215;VALPARAISO;-33.02278;-71.64389;51;1991-02;0;16.45;20.4;12.5
SP000008215;VALPARAISO;-33.02278;-71.64389;51;1991-03;0;16.25;19.6;12.9
SP000008215;VALPARAISO;-33.02278;-71.64389;51;1991-04;16;15.65;19.1;12.2
SP000008215;VALPARAISO;-33.02278;-71.64389;51;1991-05;128.4;14.1;17;11.2
SP000008215;VALPARAISO;-33.02278;-71.64389;51;1991-06;231.5;13.8;16.7;10.9
SP000008215;VALPARAISO;-33.02278;-71.64389;51;1991-07;107.7;12.6;16;9.2
SP000008215;VALPARAISO;-33.02278;-71.64389;51;1991-08;20;11.7;14.9;8.5
SP000008215;VALPARAISO;-33.02278;-71.64389;51;1991-09;53;13.8;16.9;10.7
SP000008215;VALPARAISO;-33.02278;-71.64389;51;1991-10;17;13.85;17.6;10.1
SP000008215;VALPARAISO;-33.02278;-71.64389;51;1991-11;0;15.25;19;11.5
SP000008215;VALPARAISO;-33.02278;-71.64389;51;1991-12;20.5;16.7;20.8;12.6
SP000008215;VALPARAISO;-33.02278;-71.64389;51;1992-01;0;18.2;21.9;14.5
SP000008215;VALPARAISO;-33.02278;-71.64389;51;1992-02;0.7;17.45;21.8;13.1
SP000008215;VALPARAISO;-33.02278;-71.64389;51;1992-03;29.9;17.75;21.4;14.1
SP000008215;VALPARAISO;-33.02278;-71.64389;51;1992-04;20.4;15.9;19.6;12.2
SP000008215;VALPARAISO;-33.02278;-71.64389;51;1992-05;202.8;14.55;17.8;11.3
SP000008215;VALPARAISO;-33.02278;-71.64389;51;1992-06;213;12.65;15.6;9.7
SP000008215;VALPARAISO;-33.02278;-71.64389;51;1992-07;1.6;11.4;14.7;8.1
SP000008215;VALPARAISO;-33.02278;-71.64389;51;1992-08;131.2;12;15.1;8.9
SP000008215;VALPARAISO;-33.02278;-71.64389;51;1992-09;21.2;12.95;16;9.9
SP000008215;VALPARAISO;-33.02278;-71.64389;51;1992-10;0;14.05;17.6;10.5
SP000008215;VALPARAISO;-33.02278;-71.64389;51;1992-11;2.5;15.65;19.5;11.8
SP000008215;VALPARAISO;-33.02278;-71.64389;51;1992-12;0;17.15;21.5;12.8
SP000008215;VALPARAISO;-33.02278;-71.64389;51;1993-01;0;18.25;22.4;14.1
SP000008215;VALPARAISO;-33.02278;-71.64389;51;1993-02;0;17.2;21;13.4
SP000008215;VALPARAISO;-33.02278;-71.64389;51;1993-03;0;17.4;21.9;12.9
SP000008215;VALPARAISO;-33.02278;-71.64389;51;1993-04;89;16;19.9;12.1
SP000008215;VALPARAISO;-33.02278;-71.64389;51;1993-05;60.3;13.9;17.5;10.3
SP000008215;VALPARAISO;-33.02278;-71.64389;51;1993-06;39.7;13.35;16.5;10.2
SP000008215;VALPARAISO;-33.02278;-71.64389;51;1993-07;82.8;12.55;15.8;9.3
SP000008215;VALPARAISO;-33.02278;-71.64389;51;1993-08;19.8;11.85;15.1;8.6
SP000008215;VALPARAISO;-33.02278;-71.64389;51;1993-09;0.6;12.2;15.1;9.3
SP000008215;VALPARAISO;-33.02278;-71.64389;51;1993-10;4;13.7;17.2;10.2
SP000008215;VALPARAISO;-33.02278;-71.64389;51;1993-11;0.7;15.4;19.2;11.6
SP000008215;VALPARAISO;-33.02278;-71.64389;51;1993-12;1.3;14.55;16.7;12.4
SP000008215;VALPARAISO;-33.02278;-71.64389;51;1994-01;0;17.55;20.9;14.2
SP000008215;VALPARAISO;-33.02278;-71.64389;51;1994-02;0;16.5;20.5;12.5
SP000008215;VALPARAISO;-33.02278;-71.64389;51;1994-03;0;16.9;19.7;14.1
SP000008215;VALPARAISO;-33.02278;-71.64389;51;1994-04;16;14.95;18;11.9
SP000008215;VALPARAISO;-33.02278;-71.64389;51;1994-05;95.2;13.35;16.3;10.4
SP000008215;VALPARAISO;-33.02278;-71.64389;51;1994-06;52.6;13.25;16.1;10.4
SP000008215;VALPARAISO;-33.02278;-71.64389;51;1994-07;56.4;12.25;14.9;9.6
SP000008215;VALPARAISO;-33.02278;-71.64389;51;1994-08;10.5;12.3;15.5;9.1
SP000008215;VALPARAISO;-33.02278;-71.64389;51;1994-09;17;13.8;16.6;11
SP000008215;VALPARAISO;-33.02278;-71.64389;51;1994-10;2;14.75;17.6;11.9
SP000008215;VALPARAISO;-33.02278;-71.64389;51;1994-11;0.1;15.35;18.4;12.3
SP000008215;VALPARAISO;-33.02278;-71.64389;51;1994-12;0;17.4;20.7;14.1
SP000008215;VALPARAISO;-33.02278;-71.64389;51;1995-01;0;17.2;20.6;13.8
SP000008215;VALPARAISO;-33.02278;-71.64389;51;1995-02;0;17.7;21.4;14
SP000008215;VALPARAISO;-33.02278;-71.64389;51;1995-03;0;16.4;20.2;12.6
SP000008215;VALPARAISO;-33.02278;-71.64389;51;1995-04;51.4;15.4;19;11.8
SP000008215;VALPARAISO;-33.02278;-71.64389;51;1995-05;0;13.75;16.8;10.7
SP000008215;VALPARAISO;-33.02278;-71.64389;51;1995-06;64.9;13.95;16.8;11.1
SP000008215;VALPARAISO;-33.02278;-71.64389;51;1995-07;95.9;11.7;14.4;9
SP000008215;VALPARAISO;-33.02278;-71.64389;51;1995-08;48.9;11.75;15;8.5
SP000008215;VALPARAISO;-33.02278;-71.64389;51;1995-09;4.4;13.05;16;10.1
SP000008215;VALPARAISO;-33.02278;-71.64389;51;1995-10;9.1;13.65;17;10.3
SP000008215;VALPARAISO;-33.02278;-71.64389;51;1995-11;0.9;14.35;17.1;11.6
SP000008215;VALPARAISO;-33.02278;-71.64389;51;1995-12;0.9;16.45;19.2;13.7
SP000008215;VALPARAISO;-33.02278;-71.64389;51;1996-01;0;16.9;20;13.8
SP000008215;VALPARAISO;-33.02278;-71.64389;51;1996-02;0;16.2;19.7;12.7
SP000008215;VALPARAISO;-33.02278;-71.64389;51;1996-03;1.4;16.15;19;13.3
SP000008215;VALPARAISO;-33.02278;-71.64389;51;1996-04;0;14.55;17.7;11.4
SP000008215;VALPARAISO;-33.02278;-71.64389;51;1996-05;19.6;13;15.6;10.4
SP000008215;VALPARAISO;-33.02278;-71.64389;51;1996-06;45.2;11.85;14.1;9.6
SP000008215;VALPARAISO;-33.02278;-71.64389;51;1996-07;103.2;12.4;15;9.8
SP000008215;VALPARAISO;-33.02278;-71.64389;51;1996-08;45.5;12.7;14.9;10.5
SP000008215;VALPARAISO;-33.02278;-71.64389;51;1996-09;0.7;12.95;15.7;10.2
SP000008215;VALPARAISO;-33.02278;-71.64389;51;1996-10;1.5;13.8;16.6;11
SP000008215;VALPARAISO;-33.02278;-71.64389;51;1996-11;0.5;14.65;17.6;11.7
SP000008215;VALPARAISO;-33.02278;-71.64389;51;1996-12;1.5;16.35;19.3;13.4
SP000008215;VALPARAISO;-33.02278;-71.64389;51;1997-01;0;17.85;21.1;14.6
SP000008215;VALPARAISO;-33.02278;-71.64389;51;1997-02;0;16.55;19.8;13.3
SP000008215;VALPARAISO;-33.02278;-71.64389;51;1997-03;2;16.5;19.2;13.8
SP000008215;VALPARAISO;-33.02278;-71.64389;51;1997-04;4.2;16;18.8;13.2
SP000008215;VALPARAISO;-33.02278;-71.64389;51;1997-05;135.4;15.35;17.8;12.9
SP000008215;VALPARAISO;-33.02278;-71.64389;51;1997-06;286.6;14.2;16.6;11.8
SP000008215;VALPARAISO;-33.02278;-71.64389;51;1997-07;50.4;13.35;15.8;10.9
SP000008215;VALPARAISO;-33.02278;-71.64389;51;1997-08;166.6;13.6;16.2;11
SP000008215;VALPARAISO;-33.02278;-71.64389;51;1997-09;85.3;14;16.7;11.3
SP000008215;VALPARAISO;-33.02278;-71.64389;51;1997-10;50.6;14.5;17;12
SP000008215;VALPARAISO;-33.02278;-71.64389;51;1997-11;9.8;15.9;18.5;13.3
SP000008215;VALPARAISO;-33.02278;-71.64389;51;1997-12;0.4;17.6;20.6;14.6
SP000008215;VALPARAISO;-33.02278;-71.64389;51;1998-01;0;17.9;21.1;14.7
SP000008215;VALPARAISO;-33.02278;-71.64389;51;1998-02;1.2;17.65;20.4;14.9
SP000008215;VALPARAISO;-33.02278;-71.64389;51;1998-03;0;16.65;20.2;13.1
SP000008215;VALPARAISO;-33.02278;-71.64389;51;1998-04;20.2;15.7;18.8;12.6
SP000008215;VALPARAISO;-33.02278;-71.64389;51;1998-05;11.4;15.35;18.6;12.1
SP000008215;VALPARAISO;-33.02278;-71.64389;51;1998-06;41;13.55;16.9;10.2
SP000008215;VALPARAISO;-33.02278;-71.64389;51;1998-07;0;12.55;15.8;9.3
SP000008215;VALPARAISO;-33.02278;-71.64389;51;1998-08;0;11.8;15.1;8.5
SP000008215;VALPARAISO;-33.02278;-71.64389;51;1998-09;21.2;12.75;15.9;9.6
SP000008215;VALPARAISO;-33.02278;-71.64389;51;1998-10;0;13.15;16.9;9.4
SP000008215;VALPARAISO;-33.02278;-71.64389;51;1998-11;0;13.95;17.7;10.2
SP000008215;VALPARAISO;-33.02278;-71.64389;51;1998-12;0;15.8;19.2;12.4
SP000008215;VALPARAISO;-33.02278;-71.64389;51;1999-01;0;16.5;19.3;13.7
SP000008215;VALPARAISO;-33.02278;-71.64389;51;1999-02;0.5;16.9;20.4;13.4
SP000008215;VALPARAISO;-33.02278;-71.64389;51;1999-03;10.3;15.85;19.4;12.3
SP000008215;VALPARAISO;-33.02278;-71.64389;51;1999-04;1.3;14.45;18.1;10.8
SP000008215;VALPARAISO;-33.02278;-71.64389;51;1999-05;27.9;13.5;16.3;10.7
SP000008215;VALPARAISO;-33.02278;-71.64389;51;1999-06;57.3;13.2;15.8;10.6
SP000008215;VALPARAISO;-33.02278;-71.64389;51;1999-07;32.5;11.7;14.9;8.5
SP000008215;VALPARAISO;-33.02278;-71.64389;51;1999-08;60.1;12.65;15.5;9.8
SP000008215;VALPARAISO;-33.02278;-71.64389;51;1999-09;144.5;12.8;15.1;10.5
SP000008215;VALPARAISO;-33.02278;-71.64389;51;1999-10;4.6;13.8;16.5;11.1
SP000008215;VALPARAISO;-33.02278;-71.64389;51;1999-11;0.7;15;18.1;11.9
SP000008215;VALPARAISO;-33.02278;-71.64389;51;1999-12;0;16.05;19.4;12.7
SP000008215;VALPARAISO;-33.02278;-71.64389;51;2000-01;0;16.9;20.6;13.2
SP000008215;VALPARAISO;-33.02278;-71.64389;51;2000-02;3.8;17.35;20.1;14.6
SP000008215;VALPARAISO;-33.02278;-71.64389;51;2000-03;0;15.95;19.4;12.5
SP000008215;VALPARAISO;-33.02278;-71.64389;51;2000-04;5.4;14.65;17.5;11.8
SP000008215;VALPARAISO;-33.02278;-71.64389;51;2000-05;16.4;14.15;17.2;11.1
SP000008215;VALPARAISO;-33.02278;-71.64389;51;2000-06;349.7;13.2;15.5;10.9
SP000008215;VALPARAISO;-33.02278;-71.64389;51;2000-07;5.3;11.8;14.9;8.7
SP000008215;VALPARAISO;-33.02278;-71.64389;51;2000-08;6.4;12.8;15.7;9.9
SP000008215;VALPARAISO;-33.02278;-71.64389;51;2000-09;112.2;12.95;15.5;10.4
SP000008215;VALPARAISO;-33.02278;-71.64389;51;2000-10;3.6;13.65;16.4;10.9
SP000008215;VALPARAISO;-33.02278;-71.64389;51;2000-11;0;15;18.4;11.6
SP000008215;VALPARAISO;-33.02278;-71.64389;51;2000-12;0.1;16.65;20.5;12.8
SP000008215;VALPARAISO;-33.02278;-71.64389;51;2001-01;0;17.1;20.6;13.6
SP000008215;VALPARAISO;-33.02278;-71.64389;51;2001-02;0.3;17.5;20.6;14.4
SP000008215;VALPARAISO;-33.02278;-71.64389;51;2001-03;0;16.5;19.5;13.5
SP000008215;VALPARAISO;-33.02278;-71.64389;51;2001-04;16.3;15.6;18.3;12.9
SP000008215;VALPARAISO;-33.02278;-71.64389;51;2001-05;55.9;13.15;15.7;10.6
SP000008215;VALPARAISO;-33.02278;-71.64389;51;2001-06;4.4;12.4;15.4;9.4
SP000008215;VALPARAISO;-33.02278;-71.64389;51;2001-07;330;12.6;15;10.2
SP000008215;VALPARAISO;-33.02278;-71.64389;51;2001-08;59.8;12.7;15.2;10.2
SP000008215;VALPARAISO;-33.02278;-71.64389;51;2001-09;0;12.4;15;9.8
SP000008215;VALPARAISO;-33.02278;-71.64389;51;2001-10;0;13.65;16.2;11.1
SP000008215;VALPARAISO;-33.02278;-71.64389;51;2001-11;0;14.6;17.5;11.7
SP000008215;VALPARAISO;-33.02278;-71.64389;51;2001-12;0;15.6;17.6;13.6
SP000008215;VALPARAISO;-33.02278;-71.64389;51;2002-01;0;17.35;20.5;14.2
SP000008215;VALPARAISO;-33.02278;-71.64389;51;2002-02;0;16.95;19.7;14.2
SP000008215;VALPARAISO;-33.02278;-71.64389;51;2002-03;7.6;17.8;21.6;14
SP000008215;VALPARAISO;-33.02278;-71.64389;51;2002-04;2.4;15.55;18.7;12.4
SP000008215;VALPARAISO;-33.02278;-71.64389;51;2002-05;196.5;13.3;15.8;10.8
SP000008215;VALPARAISO;-33.02278;-71.64389;51;2002-06;177.4;11.7;14.5;8.9
SP000008215;VALPARAISO;-33.02278;-71.64389;51;2002-07;124.2;11.55;14.4;8.7
SP000008215;VALPARAISO;-33.02278;-71.64389;51;2002-08;172.6;12.75;15.6;9.9
SP000008215;VALPARAISO;-33.02278;-71.64389;51;2002-09;15.8;13.45;16.3;10.6
SP000008215;VALPARAISO;-33.02278;-71.64389;51;2002-10;6.6;14;16.8;11.2
SP000008215;VALPARAISO;-33.02278;-71.64389;51;2002-11;0;14.65;17.6;11.7
SP000008215;VALPARAISO;-33.02278;-71.64389;51;2002-12;0;15.95;18.9;13
SP000008215;VALPARAISO;-33.02278;-71.64389;51;2003-01;0.2;17.05;20.1;14
SP000008215;VALPARAISO;-33.02278;-71.64389;51;2003-02;0;15.85;19.9;11.8
SP000008215;VALPARAISO;-33.02278;-71.64389;51;2003-03;1.2;15.75;19;12.5
SP000008215;VALPARAISO;-33.02278;-71.64389;51;2003-04;0.2;14.2;18;10.4
SP000008215;VALPARAISO;-33.02278;-71.64389;51;2003-05;134.5;12.65;16.4;8.9
SP000008215;VALPARAISO;-33.02278;-71.64389;51;2003-06;27.7;13.45;16.3;10.6
SP000008215;VALPARAISO;-33.02278;-71.64389;51;2003-07;52.1;12.15;15.3;9
SP000008215;VALPARAISO;-33.02278;-71.64389;51;2003-08;19.3;12.2;15.2;9.2
SP000008215;VALPARAISO;-33.02278;-71.64389;51;2003-09;27.2;13.3;16.5;10.1
SP000008215;VALPARAISO;-33.02278;-71.64389;51;2003-10;8.9;14.8;18.6;11
SP000008215;VALPARAISO;-33.02278;-71.64389;51;2003-11;9.9;15.75;19.4;12.1
SP000008215;VALPARAISO;-33.02278;-71.64389;51;2003-12;0;15.95;19.6;12.3
SP000008215;VALPARAISO;-33.02278;-71.64389;51;2004-01;0;17.2;20.3;14.1
SP000008215;VALPARAISO;-33.02278;-71.64389;51;2004-02;0;17.15;20.5;13.8
SP000008215;VALPARAISO;-33.02278;-71.64389;51;2004-03;1.6;17.6;20.8;14.4
SP000008215;VALPARAISO;-33.02278;-71.64389;51;2004-04;42.8;16.45;20;12.9
SP000008215;VALPARAISO;-33.02278;-71.64389;51;2004-05;29.2;12.75;15.8;9.7
SP000008215;VALPARAISO;-33.02278;-71.64389;51;2004-06;67.5;12.45;15.8;9.1
SP000008215;VALPARAISO;-33.02278;-71.64389;51;2004-07;113.8;12.35;15.6;9.1
SP000008215;VALPARAISO;-33.02278;-71.64389;51;2004-08;91;13.05;16.6;9.5
SP000008215;VALPARAISO;-33.02278;-71.64389;51;2004-09;15.8;13.3;16.5;10.1
SP000008215;VALPARAISO;-33.02278;-71.64389;51;2004-10;0.1;13.9;17.3;10.5
SP000008215;VALPARAISO;-33.02278;-71.64389;51;2004-11;33.3;14.05;16.5;11.6
SP000008215;VALPARAISO;-33.02278;-71.64389;51;2004-12;0;16.75;20.9;12.6
SP000008215;VALPARAISO;-33.02278;-71.64389;51;2005-01;0;17.05;21;13.1
SP000008215;VALPARAISO;-33.02278;-71.64389;51;2005-02;0.2;17.7;20.5;14.9
SP000008215;VALPARAISO;-33.02278;-71.64389;51;2005-03;11;17.1;20.7;13.5
SP000008215;VALPARAISO;-33.02278;-71.64389;51;2005-04;0.6;14.5;18;11
SP000008215;VALPARAISO;-33.02278;-71.64389;51;2005-05;116.2;13.3;15.9;10.7
SP000008215;VALPARAISO;-33.02278;-71.64389;51;2005-06;104.3;13;15.4;10.6
SP000008215;VALPARAISO;-33.02278;-71.64389;51;2005-07;27;12.6;15.1;10.1
SP000008215;VALPARAISO;-33.02278;-71.64389;51;2005-08;107.5;13.25;15.9;10.6
SP000008215;VALPARAISO;-33.02278;-71.64389;51;2005-09;19.4;12.95;15.9;10
SP000008215;VALPARAISO;-33.02278;-71.64389;51;2005-10;5;13.9;17.2;10.6
SP000008215;VALPARAISO;-33.02278;-71.64389;51;2005-11;34.5;15.25;18.5;12
SP000008215;VALPARAISO;-33.02278;-71.64389;51;2005-12;0.1;16.5;19.8;13.2
SP000008215;VALPARAISO;-33.02278;-71.64389;51;2006-01;1.1;18.05;21.5;14.6
SP000008215;VALPARAISO;-33.02278;-71.64389;51;2006-02;0;18.35;21.3;15.4
SP000008215;VALPARAISO;-33.02278;-71.64389;51;2006-03;0;16;20;12
SP000008215;VALPARAISO;-33.02278;-71.64389;51;2006-04;3.2;14.2;17.3;11.1
SP000008215;VALPARAISO;-33.02278;-71.64389;51;2006-05;30.9;13;15.3;10.7
SP000008215;VALPARAISO;-33.02278;-71.64389;51;2006-06;151;13.55;16.1;11
SP000008215;VALPARAISO;-33.02278;-71.64389;51;2006-07;196.4;13.8;16.5;11.1
SP000008215;VALPARAISO;-33.02278;-71.64389;51;2006-08;44.5;13.3;16;10.6
SP000008215;VALPARAISO;-33.02278;-71.64389;51;2006-09;4.1;14.1;17.8;10.4
SP000008215;VALPARAISO;-33.02278;-71.64389;51;2006-10;45.7;14.55;17.9;11.2
SP000008215;VALPARAISO;-33.02278;-71.64389;51;2006-11;0;15.3;18.7;11.9
SP000008215;VALPARAISO;-33.02278;-71.64389;51;2006-12;0;16.55;20.1;13
SP000008215;VALPARAISO;-33.02278;-71.64389;51;2007-01;0;18.05;21.3;14.8
SP000008215;VALPARAISO;-33.02278;-71.64389;51;2007-02;22.2;17.8;20.8;14.8
SP000008215;VALPARAISO;-33.02278;-71.64389;51;2007-03;0;16.55;19.6;13.5
SP000008215;VALPARAISO;-33.02278;-71.64389;51;2007-04;0;15.65;18.8;12.5
SP000008215;VALPARAISO;-33.02278;-71.64389;51;2007-05;13.1;12.9;15.9;9.9
SP000008215;VALPARAISO;-33.02278;-71.64389;51;2007-06;93.4;10.75;13.7;7.8
SP000008215;VALPARAISO;-33.02278;-71.64389;51;2007-07;28.6;11.05;14.3;7.8
SP000008215;VALPARAISO;-33.02278;-71.64389;51;2007-08;42.4;10.55;13.9;7.2
SP000008215;VALPARAISO;-33.02278;-71.64389;51;2007-09;1.7;11.7;14.6;8.8
SP000008215;VALPARAISO;-33.02278;-71.64389;51;2007-10;0;13.75;17.3;10.2
SP000008215;VALPARAISO;-33.02278;-71.64389;51;2007-11;1.2;14.95;18.8;11.1
SP000008215;VALPARAISO;-33.02278;-71.64389;51;2007-12;0.1;15.75;19;12.5
SP000008215;VALPARAISO;-33.02278;-71.64389;51;2008-01;0.2;17.25;20.2;14.3
SP000008215;VALPARAISO;-33.02278;-71.64389;51;2008-02;0;18.3;21.4;15.2
SP000008215;VALPARAISO;-33.02278;-71.64389;51;2008-03;8.7;17.15;20.7;13.6
SP000008215;VALPARAISO;-33.02278;-71.64389;51;2008-04;17.8;13.9;16.7;11.1
SP000008215;VALPARAISO;-33.02278;-71.64389;51;2008-05;166.9;12.9;15.4;10.4
SP000008215;VALPARAISO;-33.02278;-71.64389;51;2008-06;53.5;11.85;14.7;9
SP000008215;VALPARAISO;-33.02278;-71.64389;51;2008-07;71.8;12.05;14.4;9.7
SP000008215;VALPARAISO;-33.02278;-71.64389;51;2008-08;167.1;12.45;15.6;9.3
SP000008215;VALPARAISO;-33.02278;-71.64389;51;2008-09;1.1;13.45;16.6;10.3
SP000008215;VALPARAISO;-33.02278;-71.64389;51;2008-10;0;13.95;17.4;10.5
SP000008215;VALPARAISO;-33.02278;-71.64389;51;2008-11;0.2;15.35;18.5;12.2
SP000008215;VALPARAISO;-33.02278;-71.64389;51;2008-12;0;17.3;20.5;14.1
SP000008215;VALPARAISO;-33.02278;-71.64389;51;2009-01;0;17.3;20.4;14.2
SP000008215;VALPARAISO;-33.02278;-71.64389;51;2009-02;0;17.1;20.4;13.8
SP000008215;VALPARAISO;-33.02278;-71.64389;51;2009-03;0;16.7;19.9;13.5
SP000008215;VALPARAISO;-33.02278;-71.64389;51;2009-04;0.5;15.4;18.5;12.3
SP000008215;VALPARAISO;-33.02278;-71.64389;51;2009-05;1;14;17;11
SP000008215;VALPARAISO;-33.02278;-71.64389;51;2009-06;144.6;12;14.7;9.3
SP000008215;VALPARAISO;-33.02278;-71.64389;51;2009-07;10.7;12.1;15.5;8.7
SP000008215;VALPARAISO;-33.02278;-71.64389;51;2009-08;118.9;12.8;15.8;9.8
SP000008215;VALPARAISO;-33.02278;-71.64389;51;2009-09;6.4;12.05;15;9.1
SP000008215;VALPARAISO;-33.02278;-71.64389;51;2009-10;0;14.5;18.2;10.8
SP000008215;VALPARAISO;-33.02278;-71.64389;51;2009-11;2.3;14.5;18.4;10.6
SP000008215;VALPARAISO;-33.02278;-71.64389;51;2009-12;0;16.3;20.5;12.1
SP000008215;VALPARAISO;-33.02278;-71.64389;51;2010-01;0;17.3;21;13.6
SP000008215;VALPARAISO;-33.02278;-71.64389;51;2010-02;0;16.95;20.4;13.5
SP000008215;VALPARAISO;-33.02278;-71.64389;51;2010-03;0.2;16.8;20.1;13.5
SP000008215;VALPARAISO;-33.02278;-71.64389;51;2010-04;0;14.6;18.1;11.1
SP000008215;VALPARAISO;-33.02278;-71.64389;51;2010-05;37.2;13.35;16.1;10.6
SP000008215;VALPARAISO;-33.02278;-71.64389;51;2010-06;88.9;12.45;15.3;9.6
SP000008215;VALPARAISO;-33.02278;-71.64389;51;2010-07;39.1;11.05;14.1;8
SP000008215;VALPARAISO;-33.02278;-71.64389;51;2010-08;2.1;12;14.9;9.1
SP000008215;VALPARAISO;-33.02278;-71.64389;51;2010-09;32.9;12.85;16.5;9.2
SP000008215;VALPARAISO;-33.02278;-71.64389;51;2010-10;10;13.7;16.8;10.6
SP000008215;VALPARAISO;-33.02278;-71.64389;51;2010-11;1;14.7;17.9;11.5
SP000008215;VALPARAISO;-33.02278;-71.64389;51;2010-12;0.2;15.4;18.6;12.2
SP000008215;VALPARAISO;-33.02278;-71.64389;51;2011-01;0;17.25;20.7;13.8
SP000008215;VALPARAISO;-33.02278;-71.64389;51;2011-02;1.3;17.65;21.1;14.2
SP000008215;VALPARAISO;-33.02278;-71.64389;51;2011-03;0.3;16.55;20.1;13
SP000008215;VALPARAISO;-33.02278;-71.64389;51;2011-04;14.3;15.1;18.1;12.1
SP000008215;VALPARAISO;-33.02278;-71.64389;51;2011-05;0.3;12.75;15.6;9.9
SP000008215;VALPARAISO;-33.02278;-71.64389;51;2011-06;108.8;13.05;16.4;9.7
SP000008215;VALPARAISO;-33.02278;-71.64389;51;2011-07;89.7;11.1;14.1;8.1
SP000008215;VALPARAISO;-33.02278;-71.64389;51;2011-08;75.8;12.2;15.3;9.1
SP000008215;VALPARAISO;-33.02278;-71.64389;51;2011-09;0.7;13.55;17;10.1
SP000008215;VALPARAISO;-33.02278;-71.64389;51;2011-10;0.2;13.6;17.1;10.1
SP000008215;VALPARAISO;-33.02278;-71.64389;51;2011-11;0.5;15.4;19;11.8
SP000008215;VALPARAISO;-33.02278;-71.64389;51;2011-12;0.1;16.8;20.1;13.5
SP000008215;VALPARAISO;-33.02278;-71.64389;51;2012-01;0;18.65;21.9;15.4
SP000008215;VALPARAISO;-33.02278;-71.64389;51;2012-02;0.4;18.3;22.2;14.4
SP000008215;VALPARAISO;-33.02278;-71.64389;51;2012-03;0.2;17.3;20.9;13.7
SP000008215;VALPARAISO;-33.02278;-71.64389;51;2012-04;0.2;15.6;19.2;12
SP000008215;VALPARAISO;-33.02278;-71.64389;51;2012-05;53;15.05;18.1;12
SP000008215;VALPARAISO;-33.02278;-71.64389;51;2012-06;125.4;13.7;16.4;11
SP000008215;VALPARAISO;-33.02278;-71.64389;51;2012-07;0.5;11.65;15.1;8.2
SP000008215;VALPARAISO;-33.02278;-71.64389;51;2012-08;102.9;12.25;15.4;9.1
SP000008215;VALPARAISO;-33.02278;-71.64389;51;2012-09;1.6;13.2;15.9;10.5
SP000008215;VALPARAISO;-33.02278;-71.64389;51;2012-10;45.6;13.75;16.7;10.8
SP000008215;VALPARAISO;-33.02278;-71.64389;51;2012-11;6.4;15.45;18.6;12.3
SP000008215;VALPARAISO;-33.02278;-71.64389;51;2012-12;30;16.85;20.4;13.3
SP000008215;VALPARAISO;-33.02278;-71.64389;51;2013-01;2.2;18.15;21;15.3
SP000008215;VALPARAISO;-33.02278;-71.64389;51;2013-02;0;18.85;22.9;14.8
SP000008215;VALPARAISO;-33.02278;-71.64389;51;2013-03;0;16.05;19.9;12.2
SP000008215;VALPARAISO;-33.02278;-71.64389;51;2013-04;0;14.7;17.8;11.6
SP000008215;VALPARAISO;-33.02278;-71.64389;51;2013-05;196.2;14.05;17.2;10.9
SP000008215;VALPARAISO;-33.02278;-71.64389;51;2013-06;36.4;12.1;14.7;9.5
SP000008215;VALPARAISO;-33.02278;-71.64389;51;2013-07;13.9;12.3;15.1;9.5
SP000008215;VALPARAISO;-33.02278;-71.64389;51;2013-08;28.1;12.8;16.5;9.1
SP000008215;VALPARAISO;-33.02278;-71.64389;51;2013-09;0.1;12.6;15.8;9.4
SP000008215;VALPARAISO;-33.02278;-71.64389;51;2013-10;1.8;13.5;16.7;10.3
SP000008215;VALPARAISO;-33.02278;-71.64389;51;2013-11;0;15.25;18.9;11.6
SP000008215;VALPARAISO;-33.02278;-71.64389;51;2013-12;0.4;16.8;20.1;13.5
SP000008215;VALPARAISO;-33.02278;-71.64389;51;2014-01;0.2;17.95;21.6;14.3
SP000008215;VALPARAISO;-33.02278;-71.64389;51;2014-02;0;17.1;20.7;13.5
SP000008215;VALPARAISO;-33.02278;-71.64389;51;2014-03;1.8;15.6;18.9;12.3
SP000008215;VALPARAISO;-33.02278;-71.64389;51;2014-04;0;14.6;18.4;10.8
SP000008215;VALPARAISO;-33.02278;-71.64389;51;2014-05;26.3;14.1;17;11.2
SP000008215;VALPARAISO;-33.02278;-71.64389;51;2014-06;144.9;12.25;15;9.5
SP000008215;VALPARAISO;-33.02278;-71.64389;51;2014-07;29.8;12.1;14.5;9.7
SP000008215;VALPARAISO;-33.02278;-71.64389;51;2014-08;33.4;12.7;15.8;9.6
SP000008215;VALPARAISO;-33.02278;-71.64389;51;2014-09;46.5;13.65;16.5;10.8
SP000008215;VALPARAISO;-33.02278;-71.64389;51;2014-10;0;14.8;18.2;11.4
SP000008215;VALPARAISO;-33.02278;-71.64389;51;2014-11;0.4;14.9;18.4;11.4
SP000008215;VALPARAISO;-33.02278;-71.64389;51;2014-12;0;15.95;19.2;12.7
SP000008215;VALPARAISO;-33.02278;-71.64389;51;2015-01;0;17.35;20.2;14.5
SP000008215;VALPARAISO;-33.02278;-71.64389;51;2015-02;0.2;17.3;20.6;14
SP000008215;VALPARAISO;-33.02278;-71.64389;51;2015-03;4.4;18.35;21.9;14.8
SP000008215;VALPARAISO;-33.02278;-71.64389;51;2015-04;0;16.45;19.7;13.2
SP000008215;VALPARAISO;-33.02278;-71.64389;51;2015-05;0.6;14.2;17.4;11
SP000008215;VALPARAISO;-33.02278;-71.64389;51;2015-06;0;13.35;16.9;9.8
SP000008215;VALPARAISO;-33.02278;-71.64389;51;2015-07;44;12.4;15.1;9.7
SP000008215;VALPARAISO;-33.02278;-71.64389;51;2015-08;141.2;13.45;15.9;11
SP000008215;VALPARAISO;-33.02278;-71.64389;51;2015-09;65.3;14.6;17.8;11.4
SP000008215;VALPARAISO;-33.02278;-71.64389;51;2015-10;79;14.5;17.6;11.4
SP000008215;VALPARAISO;-33.02278;-71.64389;51;2015-11;0.7;15.55;18.7;12.4
SP000008215;VALPARAISO;-33.02278;-71.64389;51;2015-12;0;16.8;20.2;13.4
SP000008215;VALPARAISO;-33.02278;-71.64389;51;2016-01;1.7;19.85;23;16.7
SP000008215;VALPARAISO;-33.02278;-71.64389;51;2016-02;0;18.65;22.1;15.2
SP000008215;VALPARAISO;-33.02278;-71.64389;51;2016-03;0.2;17.45;19.9;15
SP000008215;VALPARAISO;-33.02278;-71.64389;51;2016-04;95.9;16.05;18.6;13.5
SP000008215;VALPARAISO;-33.02278;-71.64389;51;2016-05;48.5;15.15;17.5;12.8
SP000008215;VALPARAISO;-33.02278;-71.64389;51;2016-06;46.1;12.35;15.5;9.2
SP000008215;VALPARAISO;-33.02278;-71.64389;51;2016-07;90.7;12.7;15.3;10.1
SP000008215;VALPARAISO;-33.02278;-71.64389;51;2016-08;0.2;13.6;17;10.2
SP000008215;VALPARAISO;-33.02278;-71.64389;51;2016-09;2.2;13.5;16.6;10.4
SP000008215;VALPARAISO;-33.02278;-71.64389;51;2016-10;11.3;15.3;18.6;12
SP000008215;VALPARAISO;-33.02278;-71.64389;51;2016-11;0;16.85;20.7;13
SP000008215;VALPARAISO;-33.02278;-71.64389;51;2016-12;15.3;17.8;21.4;14.2
SP000008215;VALPARAISO;-33.02278;-71.64389;51;2017-01;0;18.7;22.6;14.8
SP000008215;VALPARAISO;-33.02278;-71.64389;51;2017-02;0;18.65;22.4;14.9
SP000008215;VALPARAISO;-33.02278;-71.64389;51;2017-03;0;17.35;20.9;13.8
SP000008215;VALPARAISO;-33.02278;-71.64389;51;2017-04;3.7;15.75;19.7;11.8
SP000008215;VALPARAISO;-33.02278;-71.64389;51;2017-05;118.5;14.45;17.3;11.6
SP000008215;VALPARAISO;-33.02278;-71.64389;51;2017-06;150.7;13;15.7;10.3
SP000008215;VALPARAISO;-33.02278;-71.64389;51;2017-07;32.1;12.45;15.5;9.4
SP000008215;VALPARAISO;-33.02278;-71.64389;51;2017-08;90.6;12.55;15.5;9.6
SP000008215;VALPARAISO;-33.02278;-71.64389;51;2017-09;13.4;12.95;15.8;10.1
SP000008215;VALPARAISO;-33.02278;-71.64389;51;2017-10;40.8;13.7;17.1;10.3
SP000008215;VALPARAISO;-33.02278;-71.64389;51;2017-11;2.6;15.3;18.7;11.9
SP000008215;VALPARAISO;-33.02278;-71.64389;51;2017-12;0.4;16.8;20.4;13.2
SP000008215;VALPARAISO;-33.02278;-71.64389;51;2018-01;0.3;17.8;21.2;14.4
SP000008215;VALPARAISO;-33.02278;-71.64389;51;2018-02;0;17.75;20.7;14.8
SP000008215;VALPARAISO;-33.02278;-71.64389;51;2018-03;0.5;16.65;20.6;12.7
SP000008215;VALPARAISO;-33.02278;-71.64389;51;2018-04;0.3;15;18.1;11.9
SP000008215;VALPARAISO;-33.02278;-71.64389;51;2018-05;49.4;14;17;11
SP000008215;VALPARAISO;-33.02278;-71.64389;51;2018-06;83.7;11.65;14.8;8.5
SP000008215;VALPARAISO;-33.02278;-71.64389;51;2018-07;50.7;11.8;14.6;9
SP000008215;VALPARAISO;-33.02278;-71.64389;51;2018-08;13.3;12.05;14.9;9.2
SP000008215;VALPARAISO;-33.02278;-71.64389;51;2018-09;18.4;13.65;17;10.3
SP000008215;VALPARAISO;-33.02278;-71.64389;51;2018-10;9.4;14.15;17.8;10.5
SP000008215;VALPARAISO;-33.02278;-71.64389;51;2018-11;0;16.65;21.2;12.1
SP000008215;VALPARAISO;-33.02278;-71.64389;51;2018-12;0;17;20.3;13.7
